_id,180005;Chacalluta,Arica Ap.;18deg 21' 5'' S;63;2019;5;1;14.3;23.4
1,180005;Chacalluta,Arica Ap.;18° 21' 5'' S;63;2019;5;2;16.0;21.4
2,180005;Chacalluta,Arica Ap.;18° 21' 5'' S;63;2019;5;3;17.7;22.1
3,180005;Chacalluta,Arica Ap.;18° 21' 5'' S;63;2019;5;4;13.9;22.2
4,180005;Chacalluta,Arica Ap.;18° 21' 5'' S;63;2019;5;5;13.5;23.3
5,180005;Chacalluta,Arica Ap.;18° 21' 5'' S;63;2019;5;6;14.8;22.8
6,180005;Chacalluta,Arica Ap.;18° 21' 5'' S;63;2019;5;7;15.1;22.4
7,180005;Chacalluta,Arica Ap.;18° 21' 5'' S;63;2019;5;8;16.4;21.1
8,180005;Chacalluta,Arica Ap.;18° 21' 5'' S;63;2019;5;9;18.9;23.3
9,180005;Chacalluta,Arica Ap.;18° 21' 5'' S;63;2019;5;10;18.4;21.3
10,180005;Chacalluta,Arica Ap.;18° 21' 5'' S;63;2019;5;11;17.6;22.4
11,180005;Chacalluta,Arica Ap.;18° 21' 5'' S;63;2019;5;12;15.7;21.6
12,180005;Chacalluta,Arica Ap.;18° 21' 5'' S;63;2019;5;13;13.0;21.5
13,180005;Chacalluta,Arica Ap.;18° 21' 5'' S;63;2019;5;14;13.6;20.6
14,180005;Chacalluta,Arica Ap.;18° 21' 5'' S;63;2019;5;15;16.8;19.0
15,180005;Chacalluta,Arica Ap.;18° 21' 5'' S;63;2019;5;16;17.2;20.2
16,180005;Chacalluta,Arica Ap.;18° 21' 5'' S;63;2019;5;17;18.0;21.3
17,180005;Chacalluta,Arica Ap.;18° 21' 5'' S;63;2019;5;18;17.6;20.4
18,180005;Chacalluta,Arica Ap.;18° 21' 5'' S;63;2019;5;19;17.5;20.7
19,180005;Chacalluta,Arica Ap.;18° 21' 5'' S;63;2019;5;20;13.0;20.4
20,180005;Chacalluta,Arica Ap.;18° 21' 5'' S;63;2019;5;21;17.3;19.4
21,180005;Chacalluta,Arica Ap.;18° 21' 5'' S;63;2019;5;22;17.2;19.6
22,180005;Chacalluta,Arica Ap.;18° 21' 5'' S;63;2019;5;23;17.1;19.4
23,180005;Chacalluta,Arica Ap.;18° 21' 5'' S;63;2019;5;24;15.5;19.2
24,180005;Chacalluta,Arica Ap.;18° 21' 5'' S;63;2019;5;25;16.3;19.2
25,180005;Chacalluta,Arica Ap.;18° 21' 5'' S;63;2019;5;26;16.9;20.7
26,180005;Chacalluta,Arica Ap.;18° 21' 5'' S;63;2019;5;27;17.6;21.5
27,180005;Chacalluta,Arica Ap.;18° 21' 5'' S;63;2019;5;28;12.8;21.0
28,180005;Chacalluta,Arica Ap.;18° 21' 5'' S;63;2019;5;29;17.3;20.1
29,180005;Chacalluta,Arica Ap.;18° 21' 5'' S;63;2019;5;30;17.7;20.2
30,180005;Chacalluta,Arica Ap.;18° 21' 5'' S;63;2019;5;31;15.3;20.5
31,200006;Diego Aracena Iquique Ap.;20° 32' 23'' S;52;2019;5;1;15.4;22.3,
32,200006;Diego Aracena Iquique Ap.;20° 32' 23'' S;52;2019;5;2;14.4;22.5,
33,200006;Diego Aracena Iquique Ap.;20° 32' 23'' S;52;2019;5;3;15.1;20.6,
34,200006;Diego Aracena Iquique Ap.;20° 32' 23'' S;52;2019;5;4;15.6;21.8,
35,200006;Diego Aracena Iquique Ap.;20° 32' 23'' S;52;2019;5;5;15.3;21.8,
36,200006;Diego Aracena Iquique Ap.;20° 32' 23'' S;52;2019;5;6;16.3;21.7,
37,200006;Diego Aracena Iquique Ap.;20° 32' 23'' S;52;2019;5;7;15.8;21.4,
38,200006;Diego Aracena Iquique Ap.;20° 32' 23'' S;52;2019;5;8;17.0;21.6,
39,200006;Diego Aracena Iquique Ap.;20° 32' 23'' S;52;2019;5;9;18.0;21.3,
40,200006;Diego Aracena Iquique Ap.;20° 32' 23'' S;52;2019;5;10;17.2;20.3,
41,200006;Diego Aracena Iquique Ap.;20° 32' 23'' S;52;2019;5;11;16.7;20.4,
42,200006;Diego Aracena Iquique Ap.;20° 32' 23'' S;52;2019;5;12;13.6;20.4,
43,200006;Diego Aracena Iquique Ap.;20° 32' 23'' S;52;2019;5;13;14.2;21.0,
44,200006;Diego Aracena Iquique Ap.;20° 32' 23'' S;52;2019;5;14;12.9;20.0,
45,200006;Diego Aracena Iquique Ap.;20° 32' 23'' S;52;2019;5;15;15.2;19.4,
46,200006;Diego Aracena Iquique Ap.;20° 32' 23'' S;52;2019;5;16;16.1;20.5,
47,200006;Diego Aracena Iquique Ap.;20° 32' 23'' S;52;2019;5;17;17.3;19.4,
48,200006;Diego Aracena Iquique Ap.;20° 32' 23'' S;52;2019;5;18;16.4;19.5,
49,200006;Diego Aracena Iquique Ap.;20° 32' 23'' S;52;2019;5;19;16.7;19.7,
50,200006;Diego Aracena Iquique Ap.;20° 32' 23'' S;52;2019;5;20;16.0;21.0,
51,200006;Diego Aracena Iquique Ap.;20° 32' 23'' S;52;2019;5;21;14.0;19.5,
52,200006;Diego Aracena Iquique Ap.;20° 32' 23'' S;52;2019;5;22;16.3;19.1,
53,200006;Diego Aracena Iquique Ap.;20° 32' 23'' S;52;2019;5;23;15.2;18.2,
54,200006;Diego Aracena Iquique Ap.;20° 32' 23'' S;52;2019;5;24;15.0;18.0,
55,200006;Diego Aracena Iquique Ap.;20° 32' 23'' S;52;2019;5;25;16.0;19.3,
56,200006;Diego Aracena Iquique Ap.;20° 32' 23'' S;52;2019;5;26;16.8;19.3,
57,200006;Diego Aracena Iquique Ap.;20° 32' 23'' S;52;2019;5;27;16.9;20.7,
58,200006;Diego Aracena Iquique Ap.;20° 32' 23'' S;52;2019;5;28;13.2;19.6,
59,200006;Diego Aracena Iquique Ap.;20° 32' 23'' S;52;2019;5;29;13.9;19.8,
60,200006;Diego Aracena Iquique Ap.;20° 32' 23'' S;52;2019;5;30;16.2;19.6,
61,200006;Diego Aracena Iquique Ap.;20° 32' 23'' S;52;2019;5;31;16.6;19.8,
62,220002;El Loa,Calama Ad.;22° 29' 43'' S;2293;2019;5;1;1.2;25.3
63,220002;El Loa,Calama Ad.;22° 29' 43'' S;2293;2019;5;2;3.5;24.1
64,220002;El Loa,Calama Ad.;22° 29' 43'' S;2293;2019;5;3;3.7;25.5
65,220002;El Loa,Calama Ad.;22° 29' 43'' S;2293;2019;5;4;3.0;23.8
66,220002;El Loa,Calama Ad.;22° 29' 43'' S;2293;2019;5;5;4.7;26.1
67,220002;El Loa,Calama Ad.;22° 29' 43'' S;2293;2019;5;6;2.0;24.4
68,220002;El Loa,Calama Ad.;22° 29' 43'' S;2293;2019;5;7;5.4;26.2
69,220002;El Loa,Calama Ad.;22° 29' 43'' S;2293;2019;5;8;10.8;24.4
70,220002;El Loa,Calama Ad.;22° 29' 43'' S;2293;2019;5;9;3.9;21.2
71,220002;El Loa,Calama Ad.;22° 29' 43'' S;2293;2019;5;10;2.6;21.3
72,220002;El Loa,Calama Ad.;22° 29' 43'' S;2293;2019;5;11;-0.5;19.0
73,220002;El Loa,Calama Ad.;22° 29' 43'' S;2293;2019;5;12;-1.6;22.9
74,220002;El Loa,Calama Ad.;22° 29' 43'' S;2293;2019;5;13;1.5;22.6
75,220002;El Loa,Calama Ad.;22° 29' 43'' S;2293;2019;5;14;4.7;23.5
76,220002;El Loa,Calama Ad.;22° 29' 43'' S;2293;2019;5;15;2.6;23.1
77,220002;El Loa,Calama Ad.;22° 29' 43'' S;2293;2019;5;16;1.1;23.9
78,220002;El Loa,Calama Ad.;22° 29' 43'' S;2293;2019;5;17;3.4;23.7
79,220002;El Loa,Calama Ad.;22° 29' 43'' S;2293;2019;5;18;2.6;22.1
80,220002;El Loa,Calama Ad.;22° 29' 43'' S;2293;2019;5;19;0.3;21.0
81,220002;El Loa,Calama Ad.;22° 29' 43'' S;2293;2019;5;20;-0.3;19.3
82,220002;El Loa,Calama Ad.;22° 29' 43'' S;2293;2019;5;21;-1.3;19.4
83,220002;El Loa,Calama Ad.;22° 29' 43'' S;2293;2019;5;22;-2.2;20.0
84,220002;El Loa,Calama Ad.;22° 29' 43'' S;2293;2019;5;23;-2.1;21.3
85,220002;El Loa,Calama Ad.;22° 29' 43'' S;2293;2019;5;24;-2.7;22.6
86,220002;El Loa,Calama Ad.;22° 29' 43'' S;2293;2019;5;25;0.3;21.3
87,220002;El Loa,Calama Ad.;22° 29' 43'' S;2293;2019;5;26;-1.4;21.2
88,220002;El Loa,Calama Ad.;22° 29' 43'' S;2293;2019;5;27;6.2;19.2
89,220002;El Loa,Calama Ad.;22° 29' 43'' S;2293;2019;5;28;2.7;22.1
90,220002;El Loa,Calama Ad.;22° 29' 43'' S;2293;2019;5;29;1.7;22.1
91,220002;El Loa,Calama Ad.;22° 29' 43'' S;2293;2019;5;30;-1.0;21.0
92,220002;El Loa,Calama Ad.;22° 29' 43'' S;2293;2019;5;31;-1.6;19.4
93,230001;Cerro Moreno Antofagasta Ap.;23° 27' 1'' S;113;2019;5;1;12.2;18.8,
94,230001;Cerro Moreno Antofagasta Ap.;23° 27' 1'' S;113;2019;5;2;12.7;18.6,
95,230001;Cerro Moreno Antofagasta Ap.;23° 27' 1'' S;113;2019;5;3;13.4;20.9,
96,230001;Cerro Moreno Antofagasta Ap.;23° 27' 1'' S;113;2019;5;4;16.5;20.0,
97,230001;Cerro Moreno Antofagasta Ap.;23° 27' 1'' S;113;2019;5;5;13.1;17.8,
98,230001;Cerro Moreno Antofagasta Ap.;23° 27' 1'' S;113;2019;5;6;13.5;18.1,
99,230001;Cerro Moreno Antofagasta Ap.;23° 27' 1'' S;113;2019;5;7;14.0;18.8,
100,230001;Cerro Moreno Antofagasta Ap.;23° 27' 1'' S;113;2019;5;8;14.7;16.2,
101,230001;Cerro Moreno Antofagasta Ap.;23° 27' 1'' S;113;2019;5;9;15.2;17.7,
102,230001;Cerro Moreno Antofagasta Ap.;23° 27' 1'' S;113;2019;5;10;14.8;16.4,
103,230001;Cerro Moreno Antofagasta Ap.;23° 27' 1'' S;113;2019;5;11;12.2;17.0,
104,230001;Cerro Moreno Antofagasta Ap.;23° 27' 1'' S;113;2019;5;12;11.7;16.6,
105,230001;Cerro Moreno Antofagasta Ap.;23° 27' 1'' S;113;2019;5;13;12.3;18.1,
106,230001;Cerro Moreno Antofagasta Ap.;23° 27' 1'' S;113;2019;5;14;12.7;16.9,
107,230001;Cerro Moreno Antofagasta Ap.;23° 27' 1'' S;113;2019;5;15;13.3;16.2,
108,230001;Cerro Moreno Antofagasta Ap.;23° 27' 1'' S;113;2019;5;16;12.4;15.6,
109,230001;Cerro Moreno Antofagasta Ap.;23° 27' 1'' S;113;2019;5;17;14.2;17.7,
110,230001;Cerro Moreno Antofagasta Ap.;23° 27' 1'' S;113;2019;5;18;10.7;16.7,
111,230001;Cerro Moreno Antofagasta Ap.;23° 27' 1'' S;113;2019;5;19;12.5;16.6,
112,230001;Cerro Moreno Antofagasta Ap.;23° 27' 1'' S;113;2019;5;20;14.0;18.0,
113,230001;Cerro Moreno Antofagasta Ap.;23° 27' 1'' S;113;2019;5;21;10.9;16.0,
114,230001;Cerro Moreno Antofagasta Ap.;23° 27' 1'' S;113;2019;5;22;12.5;15.1,
115,230001;Cerro Moreno Antofagasta Ap.;23° 27' 1'' S;113;2019;5;23;9.5;15.9,
116,230001;Cerro Moreno Antofagasta Ap.;23° 27' 1'' S;113;2019;5;24;11.4;18.4,
117,230001;Cerro Moreno Antofagasta Ap.;23° 27' 1'' S;113;2019;5;25;13.4;19.4,
118,230001;Cerro Moreno Antofagasta Ap.;23° 27' 1'' S;113;2019;5;26;15.2;18.0,
119,230001;Cerro Moreno Antofagasta Ap.;23° 27' 1'' S;113;2019;5;27;13.9;21.0,
120,230001;Cerro Moreno Antofagasta Ap.;23° 27' 1'' S;113;2019;5;28;10.8;16.7,
121,230001;Cerro Moreno Antofagasta Ap.;23° 27' 1'' S;113;2019;5;29;11.1;19.3,
122,230001;Cerro Moreno Antofagasta Ap.;23° 27' 1'' S;113;2019;5;30;14.4;18.1,
123,230001;Cerro Moreno Antofagasta Ap.;23° 27' 1'' S;113;2019;5;31;13.4;17.0,
124,270001;Mataveri Isla de Pascua Ap.;27° 9' 38'' S;48;2019;5;1;22.3;26.7,
125,270001;Mataveri Isla de Pascua Ap.;27° 9' 38'' S;48;2019;5;2;19.2;23.9,
126,270001;Mataveri Isla de Pascua Ap.;27° 9' 38'' S;48;2019;5;3;19.9;24.9,
127,270001;Mataveri Isla de Pascua Ap.;27° 9' 38'' S;48;2019;5;4;19.0;25.0,
128,270001;Mataveri Isla de Pascua Ap.;27° 9' 38'' S;48;2019;5;5;17.4;24.7,
129,270001;Mataveri Isla de Pascua Ap.;27° 9' 38'' S;48;2019;5;6;19.2;24.5,
130,270001;Mataveri Isla de Pascua Ap.;27° 9' 38'' S;48;2019;5;7;19.5;24.2,
131,270001;Mataveri Isla de Pascua Ap.;27° 9' 38'' S;48;2019;5;8;18.5;24.5,
132,270001;Mataveri Isla de Pascua Ap.;27° 9' 38'' S;48;2019;5;9;18.9;24.2,
133,270001;Mataveri Isla de Pascua Ap.;27° 9' 38'' S;48;2019;5;10;17.3;25.0,
134,270001;Mataveri Isla de Pascua Ap.;27° 9' 38'' S;48;2019;5;11;15.1;23.9,
135,270001;Mataveri Isla de Pascua Ap.;27° 9' 38'' S;48;2019;5;12;15.1;23.8,
136,270001;Mataveri Isla de Pascua Ap.;27° 9' 38'' S;48;2019;5;13;17.8;22.9,
137,270001;Mataveri Isla de Pascua Ap.;27° 9' 38'' S;48;2019;5;14;18.2;23.0,
138,270001;Mataveri Isla de Pascua Ap.;27° 9' 38'' S;48;2019;5;15;18.8;23.0,
139,270001;Mataveri Isla de Pascua Ap.;27° 9' 38'' S;48;2019;5;16;15.2;22.5,
140,270001;Mataveri Isla de Pascua Ap.;27° 9' 38'' S;48;2019;5;17;14.0;24.6,
141,270001;Mataveri Isla de Pascua Ap.;27° 9' 38'' S;48;2019;5;18;18.1;24.3,
142,270001;Mataveri Isla de Pascua Ap.;27° 9' 38'' S;48;2019;5;19;20.9;25.0,
143,270001;Mataveri Isla de Pascua Ap.;27° 9' 38'' S;48;2019;5;20;20.6;23.9,
144,270001;Mataveri Isla de Pascua Ap.;27° 9' 38'' S;48;2019;5;21;20.3;24.5,
145,270001;Mataveri Isla de Pascua Ap.;27° 9' 38'' S;48;2019;5;22;18.8;23.4,
146,270001;Mataveri Isla de Pascua Ap.;27° 9' 38'' S;48;2019;5;23;16.9;23.4,
147,270001;Mataveri Isla de Pascua Ap.;27° 9' 38'' S;48;2019;5;24;14.3;24.0,
148,270001;Mataveri Isla de Pascua Ap.;27° 9' 38'' S;48;2019;5;25;20.6;24.4,
149,270001;Mataveri Isla de Pascua Ap.;27° 9' 38'' S;48;2019;5;26;15.7;23.5,
150,270001;Mataveri Isla de Pascua Ap.;27° 9' 38'' S;48;2019;5;27;20.0;23.4,
151,270001;Mataveri Isla de Pascua Ap.;27° 9' 38'' S;48;2019;5;28;17.9;22.4,
152,270001;Mataveri Isla de Pascua Ap.;27° 9' 38'' S;48;2019;5;29;12.8;22.9,
153,270001;Mataveri Isla de Pascua Ap.;27° 9' 38'' S;48;2019;5;30;12.7;22.2,
154,270001;Mataveri Isla de Pascua Ap.;27° 9' 38'' S;48;2019;5;31;13.6;22.5,
155,270008;Desierto de Atacama,Caldera Ad.;27° 15' 50'' S;204;2019;5;1;11.5;20.3
156,270008;Desierto de Atacama,Caldera Ad.;27° 15' 50'' S;204;2019;5;2;13.0;18.7
157,270008;Desierto de Atacama,Caldera Ad.;27° 15' 50'' S;204;2019;5;3;12.1;15.4
158,270008;Desierto de Atacama,Caldera Ad.;27° 15' 50'' S;204;2019;5;4;12.8;18.5
159,270008;Desierto de Atacama,Caldera Ad.;27° 15' 50'' S;204;2019;5;5;8.9;19.7
160,270008;Desierto de Atacama,Caldera Ad.;27° 15' 50'' S;204;2019;5;6;12.6;20.5
161,270008;Desierto de Atacama,Caldera Ad.;27° 15' 50'' S;204;2019;5;7;12.4;15.9
162,270008;Desierto de Atacama,Caldera Ad.;27° 15' 50'' S;204;2019;5;8;11.9;13.5
163,270008;Desierto de Atacama,Caldera Ad.;27° 15' 50'' S;204;2019;5;9;12.3;18.0
164,270008;Desierto de Atacama,Caldera Ad.;27° 15' 50'' S;204;2019;5;10;6.6;15.3
165,270008;Desierto de Atacama,Caldera Ad.;27° 15' 50'' S;204;2019;5;11;11.4;19.3
166,270008;Desierto de Atacama,Caldera Ad.;27° 15' 50'' S;204;2019;5;12;6.5;17.6
167,270008;Desierto de Atacama,Caldera Ad.;27° 15' 50'' S;204;2019;5;13;11.6;19.7
168,270008;Desierto de Atacama,Caldera Ad.;27° 15' 50'' S;204;2019;5;14;6.9;19.5
169,270008;Desierto de Atacama,Caldera Ad.;27° 15' 50'' S;204;2019;5;15;10.5;17.5
170,270008;Desierto de Atacama,Caldera Ad.;27° 15' 50'' S;204;2019;5;16;9.9;16.6
171,270008;Desierto de Atacama,Caldera Ad.;27° 15' 50'' S;204;2019;5;17;10.3;15.2
172,270008;Desierto de Atacama,Caldera Ad.;27° 15' 50'' S;204;2019;5;18;7.4;17.9
173,270008;Desierto de Atacama,Caldera Ad.;27° 15' 50'' S;204;2019;5;19;12.5;15.5
174,270008;Desierto de Atacama,Caldera Ad.;27° 15' 50'' S;204;2019;5;20;13.2;17.7
175,270008;Desierto de Atacama,Caldera Ad.;27° 15' 50'' S;204;2019;5;21;6.1;18.7
176,270008;Desierto de Atacama,Caldera Ad.;27° 15' 50'' S;204;2019;5;22;3.8;19.2
177,270008;Desierto de Atacama,Caldera Ad.;27° 15' 50'' S;204;2019;5;23;6.3;22.9
178,270008;Desierto de Atacama,Caldera Ad.;27° 15' 50'' S;204;2019;5;24;3.7;16.4
179,270008;Desierto de Atacama,Caldera Ad.;27° 15' 50'' S;204;2019;5;25;10.4;15.5
180,270008;Desierto de Atacama,Caldera Ad.;27° 15' 50'' S;204;2019;5;26;13.3;17.8
181,270008;Desierto de Atacama,Caldera Ad.;27° 15' 50'' S;204;2019;5;27;13.1;19.6
182,270008;Desierto de Atacama,Caldera Ad.;27° 15' 50'' S;204;2019;5;28;8.8;22.5
183,270008;Desierto de Atacama,Caldera Ad.;27° 15' 50'' S;204;2019;5;29;7.6;19.9
184,270008;Desierto de Atacama,Caldera Ad.;27° 15' 50'' S;204;2019;5;30;8.0;20.7
185,270008;Desierto de Atacama,Caldera Ad.;27° 15' 50'' S;204;2019;5;31;8.5;19.5
186,290004;La Florida,La Serena Ad.;29° 55' 3'' S;142;2019;5;1;9.7;18.5
187,290004;La Florida,La Serena Ad.;29° 55' 3'' S;142;2019;5;2;8.9;14.3
188,290004;La Florida,La Serena Ad.;29° 55' 3'' S;142;2019;5;3;9.9;16.9
189,290004;La Florida,La Serena Ad.;29° 55' 3'' S;142;2019;5;4;12.4;16.8
190,290004;La Florida,La Serena Ad.;29° 55' 3'' S;142;2019;5;5;8.4;19.0
191,290004;La Florida,La Serena Ad.;29° 55' 3'' S;142;2019;5;6;9.7;16.5
192,290004;La Florida,La Serena Ad.;29° 55' 3'' S;142;2019;5;7;13.1;17.3
193,290004;La Florida,La Serena Ad.;29° 55' 3'' S;142;2019;5;8;9.4;13.9
194,290004;La Florida,La Serena Ad.;29° 55' 3'' S;142;2019;5;9;11.9;18.9
195,290004;La Florida,La Serena Ad.;29° 55' 3'' S;142;2019;5;10;6.5;16.7
196,290004;La Florida,La Serena Ad.;29° 55' 3'' S;142;2019;5;11;9.2;16.6
197,290004;La Florida,La Serena Ad.;29° 55' 3'' S;142;2019;5;12;8.1;16.9
198,290004;La Florida,La Serena Ad.;29° 55' 3'' S;142;2019;5;13;8.2;17.1
199,290004;La Florida,La Serena Ad.;29° 55' 3'' S;142;2019;5;14;8.0;16.5
200,290004;La Florida,La Serena Ad.;29° 55' 3'' S;142;2019;5;15;9.0;15.7
201,290004;La Florida,La Serena Ad.;29° 55' 3'' S;142;2019;5;16;10.1;16.2
202,290004;La Florida,La Serena Ad.;29° 55' 3'' S;142;2019;5;17;7.9;17.2
203,290004;La Florida,La Serena Ad.;29° 55' 3'' S;142;2019;5;18;8.0;17.5
204,290004;La Florida,La Serena Ad.;29° 55' 3'' S;142;2019;5;19;8.5;14.5
205,290004;La Florida,La Serena Ad.;29° 55' 3'' S;142;2019;5;20;11.3;17.5
206,290004;La Florida,La Serena Ad.;29° 55' 3'' S;142;2019;5;21;6.0;16.5
207,290004;La Florida,La Serena Ad.;29° 55' 3'' S;142;2019;5;22;5.6;16.7
208,290004;La Florida,La Serena Ad.;29° 55' 3'' S;142;2019;5;23;7.8;21.1
209,290004;La Florida,La Serena Ad.;29° 55' 3'' S;142;2019;5;24;7.1;20.6
210,290004;La Florida,La Serena Ad.;29° 55' 3'' S;142;2019;5;25;10.5;15.4
211,290004;La Florida,La Serena Ad.;29° 55' 3'' S;142;2019;5;26;11.6;17.9
212,290004;La Florida,La Serena Ad.;29° 55' 3'' S;142;2019;5;27;10.6;17.9
213,290004;La Florida,La Serena Ad.;29° 55' 3'' S;142;2019;5;28;9.4;19.7
214,290004;La Florida,La Serena Ad.;29° 55' 3'' S;142;2019;5;29;11.5;16.8
215,290004;La Florida,La Serena Ad.;29° 55' 3'' S;142;2019;5;30;12.8;19.8
216,290004;La Florida,La Serena Ad.;29° 55' 3'' S;142;2019;5;31;10.1;16.9
217,330007;Rodelillo,Ad.;33° 4' 6'' S;330;2019;5;1;10.4;27.4
218,330007;Rodelillo,Ad.;33° 4' 6'' S;330;2019;5;2;14.7;27.7
219,330007;Rodelillo,Ad.;33° 4' 6'' S;330;2019;5;3;10.4;17.7
220,330007;Rodelillo,Ad.;33° 4' 6'' S;330;2019;5;4;10.0;18.6
221,330007;Rodelillo,Ad.;33° 4' 6'' S;330;2019;5;5;10.7;22.3
222,330007;Rodelillo,Ad.;33° 4' 6'' S;330;2019;5;6;11.8;17.2
223,330007;Rodelillo,Ad.;33° 4' 6'' S;330;2019;5;7;9.9;15.1
224,330007;Rodelillo,Ad.;33° 4' 6'' S;330;2019;5;8;8.8;10.8
225,330007;Rodelillo,Ad.;33° 4' 6'' S;330;2019;5;9;8.3;15.6
226,330007;Rodelillo,Ad.;33° 4' 6'' S;330;2019;5;10;7.2;19.5
227,330007;Rodelillo,Ad.;33° 4' 6'' S;330;2019;5;11;5.8;18.9
228,330007;Rodelillo,Ad.;33° 4' 6'' S;330;2019;5;12;8.2;24.2
229,330007;Rodelillo,Ad.;33° 4' 6'' S;330;2019;5;13;11.1;22.9
230,330007;Rodelillo,Ad.;33° 4' 6'' S;330;2019;5;14;9.5;18.2
231,330007;Rodelillo,Ad.;33° 4' 6'' S;330;2019;5;15;6.0;10.8
232,330007;Rodelillo,Ad.;33° 4' 6'' S;330;2019;5;16;8.9;15.3
233,330007;Rodelillo,Ad.;33° 4' 6'' S;330;2019;5;17;8.9;16.9
234,330007;Rodelillo,Ad.;33° 4' 6'' S;330;2019;5;18;8.5;19.3
235,330007;Rodelillo,Ad.;33° 4' 6'' S;330;2019;5;19;6.9;15.9
236,330007;Rodelillo,Ad.;33° 4' 6'' S;330;2019;5;20;10.5;14.7
237,330007;Rodelillo,Ad.;33° 4' 6'' S;330;2019;5;21;2.9;14.8
238,330007;Rodelillo,Ad.;33° 4' 6'' S;330;2019;5;22;4.8;18.8
239,330007;Rodelillo,Ad.;33° 4' 6'' S;330;2019;5;23;7.1;19.8
240,330007;Rodelillo,Ad.;33° 4' 6'' S;330;2019;5;24;9.5;22.3
241,330007;Rodelillo,Ad.;33° 4' 6'' S;330;2019;5;25;8.1;13.3
242,330007;Rodelillo,Ad.;33° 4' 6'' S;330;2019;5;26;10.0;15.3
243,330007;Rodelillo,Ad.;33° 4' 6'' S;330;2019;5;27;7.1;15.2
244,330007;Rodelillo,Ad.;33° 4' 6'' S;330;2019;5;28;7.7;18.3
245,330007;Rodelillo,Ad.;33° 4' 6'' S;330;2019;5;29;10.1;13.2
246,330007;Rodelillo,Ad.;33° 4' 6'' S;330;2019;5;30;9.5;15.4
247,330007;Rodelillo,Ad.;33° 4' 6'' S;330;2019;5;31;11.5;13.2
248,330019;Eulogio Sánchez,Tobalaba Ad.;33° 27' 19'' S;650;2019;5;1;6.0;25.0
249,330019;Eulogio Sánchez,Tobalaba Ad.;33° 27' 19'' S;650;2019;5;2;11.6;23.8
250,330019;Eulogio Sánchez,Tobalaba Ad.;33° 27' 19'' S;650;2019;5;3;12.0;22.6
251,330019;Eulogio Sánchez,Tobalaba Ad.;33° 27' 19'' S;650;2019;5;4;9.0;20.0
252,330019;Eulogio Sánchez,Tobalaba Ad.;33° 27' 19'' S;650;2019;5;5;9.6;19.8
253,330019;Eulogio Sánchez,Tobalaba Ad.;33° 27' 19'' S;650;2019;5;6;11.0;21.6
254,330019;Eulogio Sánchez,Tobalaba Ad.;33° 27' 19'' S;650;2019;5;7;7.0;22.2
255,330019;Eulogio Sánchez,Tobalaba Ad.;33° 27' 19'' S;650;2019;5;8;7.8;15.8
256,330019;Eulogio Sánchez,Tobalaba Ad.;33° 27' 19'' S;650;2019;5;9;8.0;15.0
257,330019;Eulogio Sánchez,Tobalaba Ad.;33° 27' 19'' S;650;2019;5;10;3.8;17.4
258,330019;Eulogio Sánchez,Tobalaba Ad.;33° 27' 19'' S;650;2019;5;11;3.0;19.8
259,330019;Eulogio Sánchez,Tobalaba Ad.;33° 27' 19'' S;650;2019;5;12;5.0;22.0
260,330019;Eulogio Sánchez,Tobalaba Ad.;33° 27' 19'' S;650;2019;5;13;6.4;26.4
261,330019;Eulogio Sánchez,Tobalaba Ad.;33° 27' 19'' S;650;2019;5;14;7.4;28.0
262,330019;Eulogio Sánchez,Tobalaba Ad.;33° 27' 19'' S;650;2019;5;15;8.2;26.8
263,330019;Eulogio Sánchez,Tobalaba Ad.;33° 27' 19'' S;650;2019;5;16;4.0;17.2
264,330019;Eulogio Sánchez,Tobalaba Ad.;33° 27' 19'' S;650;2019;5;17;7.2;16.2
265,330019;Eulogio Sánchez,Tobalaba Ad.;33° 27' 19'' S;650;2019;5;18;4.0;17.4
266,330019;Eulogio Sánchez,Tobalaba Ad.;33° 27' 19'' S;650;2019;5;19;4.3;15.2
267,330019;Eulogio Sánchez,Tobalaba Ad.;33° 27' 19'' S;650;2019;5;20;3.0;12.0
268,330019;Eulogio Sánchez,Tobalaba Ad.;33° 27' 19'' S;650;2019;5;21;0.3;14.2
269,330019;Eulogio Sánchez,Tobalaba Ad.;33° 27' 19'' S;650;2019;5;22;0.8;16.2
270,330019;Eulogio Sánchez,Tobalaba Ad.;33° 27' 19'' S;650;2019;5;23;1.0;23.0
271,330019;Eulogio Sánchez,Tobalaba Ad.;33° 27' 19'' S;650;2019;5;24;3.6;20.4
272,330019;Eulogio Sánchez,Tobalaba Ad.;33° 27' 19'' S;650;2019;5;25;11.2;22.4
273,330019;Eulogio Sánchez,Tobalaba Ad.;33° 27' 19'' S;650;2019;5;26;8.0;13.0
274,330019;Eulogio Sánchez,Tobalaba Ad.;33° 27' 19'' S;650;2019;5;27;2.8;16.8
275,330019;Eulogio Sánchez,Tobalaba Ad.;33° 27' 19'' S;650;2019;5;28;3.0;18.6
276,330019;Eulogio Sánchez,Tobalaba Ad.;33° 27' 19'' S;650;2019;5;29;13.6;16.8
277,330019;Eulogio Sánchez,Tobalaba Ad.;33° 27' 19'' S;650;2019;5;30;5.1;16.4
278,330019;Eulogio Sánchez,Tobalaba Ad.;33° 27' 19'' S;650;2019;5;31;6.0;15.8
279,330020;Quinta Normal,Santiago;33° 26' 42'' S;534;2019;5;1;5.6;25.8
280,330020;Quinta Normal,Santiago;33° 26' 42'' S;534;2019;5;2;9.6;24.6
281,330020;Quinta Normal,Santiago;33° 26' 42'' S;534;2019;5;3;11.9;22.5
282,330020;Quinta Normal,Santiago;33° 26' 42'' S;534;2019;5;4;9.7;20.9
283,330020;Quinta Normal,Santiago;33° 26' 42'' S;534;2019;5;5;9.5;20.4
284,330020;Quinta Normal,Santiago;33° 26' 42'' S;534;2019;5;6;10.7;21.7
285,330020;Quinta Normal,Santiago;33° 26' 42'' S;534;2019;5;7;9.4;20.7
286,330020;Quinta Normal,Santiago;33° 26' 42'' S;534;2019;5;8;7.2;13.9
287,330020;Quinta Normal,Santiago;33° 26' 42'' S;534;2019;5;9;7.9;16.2
288,330020;Quinta Normal,Santiago;33° 26' 42'' S;534;2019;5;10;3.3;19.2
289,330020;Quinta Normal,Santiago;33° 26' 42'' S;534;2019;5;11;2.4;20.4
290,330020;Quinta Normal,Santiago;33° 26' 42'' S;534;2019;5;12;3.1;23.3
291,330020;Quinta Normal,Santiago;33° 26' 42'' S;534;2019;5;13;3.7;27.1
292,330020;Quinta Normal,Santiago;33° 26' 42'' S;534;2019;5;14;4.7;28.2
293,330020;Quinta Normal,Santiago;33° 26' 42'' S;534;2019;5;15;4.9;25.7
294,330020;Quinta Normal,Santiago;33° 26' 42'' S;534;2019;5;16;5.7;15.2
295,330020;Quinta Normal,Santiago;33° 26' 42'' S;534;2019;5;17;6.7;16.5
296,330020;Quinta Normal,Santiago;33° 26' 42'' S;534;2019;5;18;5.8;18.8
297,330020;Quinta Normal,Santiago;33° 26' 42'' S;534;2019;5;19;2.9;15.3
298,330020;Quinta Normal,Santiago;33° 26' 42'' S;534;2019;5;20;3.0;14.4
299,330020;Quinta Normal,Santiago;33° 26' 42'' S;534;2019;5;21;0.3;15.5
300,330020;Quinta Normal,Santiago;33° 26' 42'' S;534;2019;5;22;0.2;18.0
301,330020;Quinta Normal,Santiago;33° 26' 42'' S;534;2019;5;23;0.0;22.1
302,330020;Quinta Normal,Santiago;33° 26' 42'' S;534;2019;5;24;2.3;20.2
303,330020;Quinta Normal,Santiago;33° 26' 42'' S;534;2019;5;25;8.1;16.1
304,330020;Quinta Normal,Santiago;33° 26' 42'' S;534;2019;5;26;6.6;14.8
305,330020;Quinta Normal,Santiago;33° 26' 42'' S;534;2019;5;27;2.1;18.0
306,330020;Quinta Normal,Santiago;33° 26' 42'' S;534;2019;5;28;2.7;19.1
307,330020;Quinta Normal,Santiago;33° 26' 42'' S;534;2019;5;29;12.5;16.0
308,330020;Quinta Normal,Santiago;33° 26' 42'' S;534;2019;5;30;5.5;17.0
309,330020;Quinta Normal,Santiago;33° 26' 42'' S;534;2019;5;31;8.0;18.3
310,330021;Pudahuel Santiago;33° 23' 31'' S;482;2019;5;1;4.2;25.5,
311,330021;Pudahuel Santiago;33° 23' 31'' S;482;2019;5;2;10.4;24.8,
312,330021;Pudahuel Santiago;33° 23' 31'' S;482;2019;5;3;11.4;22.8,
313,330021;Pudahuel Santiago;33° 23' 31'' S;482;2019;5;4;9.3;21.2,
314,330021;Pudahuel Santiago;33° 23' 31'' S;482;2019;5;5;8.4;20.6,
315,330021;Pudahuel Santiago;33° 23' 31'' S;482;2019;5;6;10.3;22.8,
316,330021;Pudahuel Santiago;33° 23' 31'' S;482;2019;5;7;9.6;20.3,
317,330021;Pudahuel Santiago;33° 23' 31'' S;482;2019;5;8;6.9;13.6,
318,330021;Pudahuel Santiago;33° 23' 31'' S;482;2019;5;9;8.4;16.2,
319,330021;Pudahuel Santiago;33° 23' 31'' S;482;2019;5;10;3.3;18.6,
320,330021;Pudahuel Santiago;33° 23' 31'' S;482;2019;5;11;1.7;20.6,
321,330021;Pudahuel Santiago;33° 23' 31'' S;482;2019;5;12;1.9;23.3,
322,330021;Pudahuel Santiago;33° 23' 31'' S;482;2019;5;13;3.3;27.5,
323,330021;Pudahuel Santiago;33° 23' 31'' S;482;2019;5;14;4.1;28.1,
324,330021;Pudahuel Santiago;33° 23' 31'' S;482;2019;5;15;4.4;25.4,
325,330021;Pudahuel Santiago;33° 23' 31'' S;482;2019;5;16;4.7;15.8,
326,330021;Pudahuel Santiago;33° 23' 31'' S;482;2019;5;17;6.0;17.6,
327,330021;Pudahuel Santiago;33° 23' 31'' S;482;2019;5;18;8.1;18.7,
328,330021;Pudahuel Santiago;33° 23' 31'' S;482;2019;5;19;2.2;15.5,
329,330021;Pudahuel Santiago;33° 23' 31'' S;482;2019;5;20;2.7;13.0,
330,330021;Pudahuel Santiago;33° 23' 31'' S;482;2019;5;21;-0.9;15.4,
331,330021;Pudahuel Santiago;33° 23' 31'' S;482;2019;5;22;-0.6;17.9,
332,330021;Pudahuel Santiago;33° 23' 31'' S;482;2019;5;23;-0.9;22.0,
333,330021;Pudahuel Santiago;33° 23' 31'' S;482;2019;5;24;1.2;20.3,
334,330021;Pudahuel Santiago;33° 23' 31'' S;482;2019;5;25;7.0;16.1,
335,330021;Pudahuel Santiago;33° 23' 31'' S;482;2019;5;26;6.9;14.8,
336,330021;Pudahuel Santiago;33° 23' 31'' S;482;2019;5;27;1.6;17.5,
337,330021;Pudahuel Santiago;33° 23' 31'' S;482;2019;5;28;2.6;18.8,
338,330021;Pudahuel Santiago;33° 23' 31'' S;482;2019;5;29;11.9;17.6,
339,330021;Pudahuel Santiago;33° 23' 31'' S;482;2019;5;30;4.8;17.3,
340,330021;Pudahuel Santiago;33° 23' 31'' S;482;2019;5;31;7.7;17.4,
341,330030;Santo Domingo,Ad.;33° 39' 18'' S;75;2019;5;1;5.6;25.5
342,330030;Santo Domingo,Ad.;33° 39' 18'' S;75;2019;5;2;8.7;20.4
343,330030;Santo Domingo,Ad.;33° 39' 18'' S;75;2019;5;3;12.2;18.1
344,330030;Santo Domingo,Ad.;33° 39' 18'' S;75;2019;5;4;10.9;17.7
345,330030;Santo Domingo,Ad.;33° 39' 18'' S;75;2019;5;5;11.8;20.2
346,330030;Santo Domingo,Ad.;33° 39' 18'' S;75;2019;5;6;8.8;17.0
347,330030;Santo Domingo,Ad.;33° 39' 18'' S;75;2019;5;7;11.4;14.1
348,330030;Santo Domingo,Ad.;33° 39' 18'' S;75;2019;5;8;7.4;11.6
349,330030;Santo Domingo,Ad.;33° 39' 18'' S;75;2019;5;9;6.0;15.4
350,330030;Santo Domingo,Ad.;33° 39' 18'' S;75;2019;5;10;2.9;19.1
351,330030;Santo Domingo,Ad.;33° 39' 18'' S;75;2019;5;11;1.8;15.9
352,330030;Santo Domingo,Ad.;33° 39' 18'' S;75;2019;5;12;3.7;20.0
353,330030;Santo Domingo,Ad.;33° 39' 18'' S;75;2019;5;13;6.0;19.1
354,330030;Santo Domingo,Ad.;33° 39' 18'' S;75;2019;5;14;6.8;15.2
355,330030;Santo Domingo,Ad.;33° 39' 18'' S;75;2019;5;15;9.4;12.9
356,330030;Santo Domingo,Ad.;33° 39' 18'' S;75;2019;5;16;11.6;17.2
357,330030;Santo Domingo,Ad.;33° 39' 18'' S;75;2019;5;17;8.2;17.9
358,330030;Santo Domingo,Ad.;33° 39' 18'' S;75;2019;5;18;6.0;19.5
359,330030;Santo Domingo,Ad.;33° 39' 18'' S;75;2019;5;19;4.9;14.9
360,330030;Santo Domingo,Ad.;33° 39' 18'' S;75;2019;5;20;2.1;14.1
361,330030;Santo Domingo,Ad.;33° 39' 18'' S;75;2019;5;21;1.7;13.3
362,330030;Santo Domingo,Ad.;33° 39' 18'' S;75;2019;5;22;2.3;15.1
363,330030;Santo Domingo,Ad.;33° 39' 18'' S;75;2019;5;23;1.5;16.0
364,330030;Santo Domingo,Ad.;33° 39' 18'' S;75;2019;5;24;3.3;19.1
365,330030;Santo Domingo,Ad.;33° 39' 18'' S;75;2019;5;25;8.9;16.6
366,330030;Santo Domingo,Ad.;33° 39' 18'' S;75;2019;5;26;11.5;18.2
367,330030;Santo Domingo,Ad.;33° 39' 18'' S;75;2019;5;27;5.0;16.3
368,330030;Santo Domingo,Ad.;33° 39' 18'' S;75;2019;5;28;6.3;19.1
369,330030;Santo Domingo,Ad.;33° 39' 18'' S;75;2019;5;29;10.9;15.3
370,330030;Santo Domingo,Ad.;33° 39' 18'' S;75;2019;5;30;12.1;18.2
371,330030;Santo Domingo,Ad.;33° 39' 18'' S;75;2019;5;31;9.5;18.5
372,330031;Juan Fernández,Estación Meteorológica.;33° 38' 9'' S;40;2019;5;1;11.9;19.5
373,330031;Juan Fernández,Estación Meteorológica.;33° 38' 9'' S;40;2019;5;2;14.8;21.2
374,330031;Juan Fernández,Estación Meteorológica.;33° 38' 9'' S;40;2019;5;3;17.1;19.5
375,330031;Juan Fernández,Estación Meteorológica.;33° 38' 9'' S;40;2019;5;4;14.7;19.3
376,330031;Juan Fernández,Estación Meteorológica.;33° 38' 9'' S;40;2019;5;5;13.1;18.1
377,330031;Juan Fernández,Estación Meteorológica.;33° 38' 9'' S;40;2019;5;6;12.9;15.6
378,330031;Juan Fernández,Estación Meteorológica.;33° 38' 9'' S;40;2019;5;7;13.1;18.2
379,330031;Juan Fernández,Estación Meteorológica.;33° 38' 9'' S;40;2019;5;8;11.9;18.7
380,330031;Juan Fernández,Estación Meteorológica.;33° 38' 9'' S;40;2019;5;9;13.2;17.9
381,330031;Juan Fernández,Estación Meteorológica.;33° 38' 9'' S;40;2019;5;10;13.2;19.0
382,330031;Juan Fernández,Estación Meteorológica.;33° 38' 9'' S;40;2019;5;11;14.8;18.5
383,330031;Juan Fernández,Estación Meteorológica.;33° 38' 9'' S;40;2019;5;12;13.8;19.4
384,330031;Juan Fernández,Estación Meteorológica.;33° 38' 9'' S;40;2019;5;13;13.5;19.1
385,330031;Juan Fernández,Estación Meteorológica.;33° 38' 9'' S;40;2019;5;14;8.6;19.2
386,330031;Juan Fernández,Estación Meteorológica.;33° 38' 9'' S;40;2019;5;15;8.9;17.7
387,330031;Juan Fernández,Estación Meteorológica.;33° 38' 9'' S;40;2019;5;16;12.8;19.0
388,330031;Juan Fernández,Estación Meteorológica.;33° 38' 9'' S;40;2019;5;17;12.2;17.1
389,330031;Juan Fernández,Estación Meteorológica.;33° 38' 9'' S;40;2019;5;18;10.4;17.2
390,330031;Juan Fernández,Estación Meteorológica.;33° 38' 9'' S;40;2019;5;19;13.8;17.1
391,330031;Juan Fernández,Estación Meteorológica.;33° 38' 9'' S;40;2019;5;20;12.8;16.2
392,330031;Juan Fernández,Estación Meteorológica.;33° 38' 9'' S;40;2019;5;21;12.4;16.0
393,330031;Juan Fernández,Estación Meteorológica.;33° 38' 9'' S;40;2019;5;22;12.1;16.0
394,330031;Juan Fernández,Estación Meteorológica.;33° 38' 9'' S;40;2019;5;23;8.4;13.4
395,330031;Juan Fernández,Estación Meteorológica.;33° 38' 9'' S;40;2019;5;24;9.3;15.5
396,330031;Juan Fernández,Estación Meteorológica.;33° 38' 9'' S;40;2019;5;25;11.6;15.5
397,330031;Juan Fernández,Estación Meteorológica.;33° 38' 9'' S;40;2019;5;26;11.6;17.6
398,330031;Juan Fernández,Estación Meteorológica.;33° 38' 9'' S;40;2019;5;27;10.9;17.2
399,330031;Juan Fernández,Estación Meteorológica.;33° 38' 9'' S;40;2019;5;28;10.7;15.5
400,330031;Juan Fernández,Estación Meteorológica.;33° 38' 9'' S;40;2019;5;29;14.3;18.9
401,330031;Juan Fernández,Estación Meteorológica.;33° 38' 9'' S;40;2019;5;30;13.5;18.4
402,330031;Juan Fernández,Estación Meteorológica.;33° 38' 9'' S;40;2019;5;31;14.1;17.0
403,340031;General Freire,Curicó Ad.;34° 57' 59'' S;230;2019;5;1;3.8;22.8
404,340031;General Freire,Curicó Ad.;34° 57' 59'' S;230;2019;5;2;10.8;16.4
405,340031;General Freire,Curicó Ad.;34° 57' 59'' S;230;2019;5;3;11.8;15.3
406,340031;General Freire,Curicó Ad.;34° 57' 59'' S;230;2019;5;4;11.3;14.9
407,340031;General Freire,Curicó Ad.;34° 57' 59'' S;230;2019;5;5;12.7;15.2
408,340031;General Freire,Curicó Ad.;34° 57' 59'' S;230;2019;5;6;10.4;
409,340031;General Freire,Curicó Ad.;34° 57' 59'' S;230;2019;5;7;;12.7
410,340031;General Freire,Curicó Ad.;34° 57' 59'' S;230;2019;5;8;8.4;10.4
411,340031;General Freire,Curicó Ad.;34° 57' 59'' S;230;2019;5;9;10.1;16.6
412,340031;General Freire,Curicó Ad.;34° 57' 59'' S;230;2019;5;10;9.0;12.8
413,340031;General Freire,Curicó Ad.;34° 57' 59'' S;230;2019;5;11;5.2;19.1
414,340031;General Freire,Curicó Ad.;34° 57' 59'' S;230;2019;5;12;0.6;16.7
415,340031;General Freire,Curicó Ad.;34° 57' 59'' S;230;2019;5;13;2.9;17.2
416,340031;General Freire,Curicó Ad.;34° 57' 59'' S;230;2019;5;14;7.6;20.2
417,340031;General Freire,Curicó Ad.;34° 57' 59'' S;230;2019;5;15;4.2;19.2
418,340031;General Freire,Curicó Ad.;34° 57' 59'' S;230;2019;5;16;7.7;14.9
419,340031;General Freire,Curicó Ad.;34° 57' 59'' S;230;2019;5;17;8.2;19.3
420,340031;General Freire,Curicó Ad.;34° 57' 59'' S;230;2019;5;18;7.4;13.9
421,340031;General Freire,Curicó Ad.;34° 57' 59'' S;230;2019;5;19;4.3;12.6
422,340031;General Freire,Curicó Ad.;34° 57' 59'' S;230;2019;5;20;2.9;11.6
423,340031;General Freire,Curicó Ad.;34° 57' 59'' S;230;2019;5;21;2.2;11.1
424,340031;General Freire,Curicó Ad.;34° 57' 59'' S;230;2019;5;22;-0.4;17.1
425,340031;General Freire,Curicó Ad.;34° 57' 59'' S;230;2019;5;23;-0.3;18.0
426,340031;General Freire,Curicó Ad.;34° 57' 59'' S;230;2019;5;24;1.5;13.6
427,340031;General Freire,Curicó Ad.;34° 57' 59'' S;230;2019;5;25;7.1;14.9
428,340031;General Freire,Curicó Ad.;34° 57' 59'' S;230;2019;5;26;8.9;16.6
429,340031;General Freire,Curicó Ad.;34° 57' 59'' S;230;2019;5;27;3.3;17.6
430,340031;General Freire,Curicó Ad.;34° 57' 59'' S;230;2019;5;28;6.0;19.1
431,340031;General Freire,Curicó Ad.;34° 57' 59'' S;230;2019;5;29;12.2;14.4
432,340031;General Freire,Curicó Ad.;34° 57' 59'' S;230;2019;5;30;10.6;13.4
433,340031;General Freire,Curicó Ad.;34° 57' 59'' S;230;2019;5;31;9.4;16.6
434,360011;General Bernardo O'Higgins,Chillán Ad.;36° 35' 14'' S;151;2019;5;1;3.4;21.4
435,360011;General Bernardo O'Higgins,Chillán Ad.;36° 35' 14'' S;151;2019;5;2;10.4;15.2
436,360011;General Bernardo O'Higgins,Chillán Ad.;36° 35' 14'' S;151;2019;5;3;11.5;15.8
437,360011;General Bernardo O'Higgins,Chillán Ad.;36° 35' 14'' S;151;2019;5;4;11.9;18.2
438,360011;General Bernardo O'Higgins,Chillán Ad.;36° 35' 14'' S;151;2019;5;5;7.8;18.4
439,360011;General Bernardo O'Higgins,Chillán Ad.;36° 35' 14'' S;151;2019;5;6;7.8;16.1
440,360011;General Bernardo O'Higgins,Chillán Ad.;36° 35' 14'' S;151;2019;5;7;5.4;11.6
441,360011;General Bernardo O'Higgins,Chillán Ad.;36° 35' 14'' S;151;2019;5;8;8.9;10.8
442,360011;General Bernardo O'Higgins,Chillán Ad.;36° 35' 14'' S;151;2019;5;9;8.0;11.9
443,360011;General Bernardo O'Higgins,Chillán Ad.;36° 35' 14'' S;151;2019;5;10;2.8;16.2
444,360011;General Bernardo O'Higgins,Chillán Ad.;36° 35' 14'' S;151;2019;5;11;0.9;19.8
445,360011;General Bernardo O'Higgins,Chillán Ad.;36° 35' 14'' S;151;2019;5;12;5.4;19.6
446,360011;General Bernardo O'Higgins,Chillán Ad.;36° 35' 14'' S;151;2019;5;13;7.0;19.6
447,360011;General Bernardo O'Higgins,Chillán Ad.;36° 35' 14'' S;151;2019;5;14;2.8;20.7
448,360011;General Bernardo O'Higgins,Chillán Ad.;36° 35' 14'' S;151;2019;5;15;1.9;19.3
449,360011;General Bernardo O'Higgins,Chillán Ad.;36° 35' 14'' S;151;2019;5;16;8.8;14.1
450,360011;General Bernardo O'Higgins,Chillán Ad.;36° 35' 14'' S;151;2019;5;17;10.5;13.6
451,360011;General Bernardo O'Higgins,Chillán Ad.;36° 35' 14'' S;151;2019;5;18;4.7;15.2
452,360011;General Bernardo O'Higgins,Chillán Ad.;36° 35' 14'' S;151;2019;5;19;1.3;16.3
453,360011;General Bernardo O'Higgins,Chillán Ad.;36° 35' 14'' S;151;2019;5;20;3.5;10.1
454,360011;General Bernardo O'Higgins,Chillán Ad.;36° 35' 14'' S;151;2019;5;21;1.0;18.2
455,360011;General Bernardo O'Higgins,Chillán Ad.;36° 35' 14'' S;151;2019;5;22;-1.6;15.3
456,360011;General Bernardo O'Higgins,Chillán Ad.;36° 35' 14'' S;151;2019;5;23;-2.8;13.6
457,360011;General Bernardo O'Higgins,Chillán Ad.;36° 35' 14'' S;151;2019;5;24;0.5;12.2
458,360011;General Bernardo O'Higgins,Chillán Ad.;36° 35' 14'' S;151;2019;5;25;3.9;14.1
459,360011;General Bernardo O'Higgins,Chillán Ad.;36° 35' 14'' S;151;2019;5;26;9.9;15.2
460,360011;General Bernardo O'Higgins,Chillán Ad.;36° 35' 14'' S;151;2019;5;27;7.5;14.5
461,360011;General Bernardo O'Higgins,Chillán Ad.;36° 35' 14'' S;151;2019;5;28;10.3;18.1
462,360011;General Bernardo O'Higgins,Chillán Ad.;36° 35' 14'' S;151;2019;5;29;8.3;13.6
463,360011;General Bernardo O'Higgins,Chillán Ad.;36° 35' 14'' S;151;2019;5;30;10.7;14.8
464,360011;General Bernardo O'Higgins,Chillán Ad.;36° 35' 14'' S;151;2019;5;31;11.0;12.9
465,360019;Carriel Sur,Concepción Ap.;36° 46' 42'' S;17;2019;5;1;5.1;18.3
466,360019;Carriel Sur,Concepción Ap.;36° 46' 42'' S;17;2019;5;2;13.8;15.4
467,360019;Carriel Sur,Concepción Ap.;36° 46' 42'' S;17;2019;5;3;13.7;14.9
468,360019;Carriel Sur,Concepción Ap.;36° 46' 42'' S;17;2019;5;4;13.8;16.3
469,360019;Carriel Sur,Concepción Ap.;36° 46' 42'' S;17;2019;5;5;12.9;17.0
470,360019;Carriel Sur,Concepción Ap.;36° 46' 42'' S;17;2019;5;6;9.8;15.7
471,360019;Carriel Sur,Concepción Ap.;36° 46' 42'' S;17;2019;5;7;9.7;13.8
472,360019;Carriel Sur,Concepción Ap.;36° 46' 42'' S;17;2019;5;8;10.2;14.3
473,360019;Carriel Sur,Concepción Ap.;36° 46' 42'' S;17;2019;5;9;8.3;14.8
474,360019;Carriel Sur,Concepción Ap.;36° 46' 42'' S;17;2019;5;10;7.0;16.1
475,360019;Carriel Sur,Concepción Ap.;36° 46' 42'' S;17;2019;5;11;5.7;17.9
476,360019;Carriel Sur,Concepción Ap.;36° 46' 42'' S;17;2019;5;12;11.9;18.4
477,360019;Carriel Sur,Concepción Ap.;36° 46' 42'' S;17;2019;5;13;6.8;18.2
478,360019;Carriel Sur,Concepción Ap.;36° 46' 42'' S;17;2019;5;14;5.9;22.0
479,360019;Carriel Sur,Concepción Ap.;36° 46' 42'' S;17;2019;5;15;6.1;13.4
480,360019;Carriel Sur,Concepción Ap.;36° 46' 42'' S;17;2019;5;16;12.7;14.8
481,360019;Carriel Sur,Concepción Ap.;36° 46' 42'' S;17;2019;5;17;12.7;16.7
482,360019;Carriel Sur,Concepción Ap.;36° 46' 42'' S;17;2019;5;18;4.0;15.9
483,360019;Carriel Sur,Concepción Ap.;36° 46' 42'' S;17;2019;5;19;3.0;16.0
484,360019;Carriel Sur,Concepción Ap.;36° 46' 42'' S;17;2019;5;20;3.5;14.2
485,360019;Carriel Sur,Concepción Ap.;36° 46' 42'' S;17;2019;5;21;4.0;19.7
486,360019;Carriel Sur,Concepción Ap.;36° 46' 42'' S;17;2019;5;22;3.9;16.5
487,360019;Carriel Sur,Concepción Ap.;36° 46' 42'' S;17;2019;5;23;2.2;13.3
488,360019;Carriel Sur,Concepción Ap.;36° 46' 42'' S;17;2019;5;24;4.6;13.5
489,360019;Carriel Sur,Concepción Ap.;36° 46' 42'' S;17;2019;5;25;6.5;13.0
490,360019;Carriel Sur,Concepción Ap.;36° 46' 42'' S;17;2019;5;26;9.3;14.6
491,360019;Carriel Sur,Concepción Ap.;36° 46' 42'' S;17;2019;5;27;9.4;14.1
492,360019;Carriel Sur,Concepción Ap.;36° 46' 42'' S;17;2019;5;28;7.7;17.3
493,360019;Carriel Sur,Concepción Ap.;36° 46' 42'' S;17;2019;5;29;10.6;13.5
494,360019;Carriel Sur,Concepción Ap.;36° 46' 42'' S;17;2019;5;30;11.8;16.2
495,360019;Carriel Sur,Concepción Ap.;36° 46' 42'' S;17;2019;5;31;13.2;15.1
496,370033;María Dolores,Los Angeles Ad.;37° 24' 10'' S;120;2019;5;1;5.0;20.0
497,370033;María Dolores,Los Angeles Ad.;37° 24' 10'' S;120;2019;5;2;13.0;15.3
498,370033;María Dolores,Los Angeles Ad.;37° 24' 10'' S;120;2019;5;3;12.8;14.6
499,370033;María Dolores,Los Angeles Ad.;37° 24' 10'' S;120;2019;5;4;12.2;18.0
500,370033;María Dolores,Los Angeles Ad.;37° 24' 10'' S;120;2019;5;5;11.0;19.2
501,370033;María Dolores,Los Angeles Ad.;37° 24' 10'' S;120;2019;5;6;10.0;19.5
502,370033;María Dolores,Los Angeles Ad.;37° 24' 10'' S;120;2019;5;7;7.8;14.0
503,370033;María Dolores,Los Angeles Ad.;37° 24' 10'' S;120;2019;5;8;8.6;14.2
504,370033;María Dolores,Los Angeles Ad.;37° 24' 10'' S;120;2019;5;9;5.2;12.2
505,370033;María Dolores,Los Angeles Ad.;37° 24' 10'' S;120;2019;5;10;2.4;17.4
506,370033;María Dolores,Los Angeles Ad.;37° 24' 10'' S;120;2019;5;11;1.0;20.4
507,370033;María Dolores,Los Angeles Ad.;37° 24' 10'' S;120;2019;5;12;10.1;20.4
508,370033;María Dolores,Los Angeles Ad.;37° 24' 10'' S;120;2019;5;13;9.0;19.2
509,370033;María Dolores,Los Angeles Ad.;37° 24' 10'' S;120;2019;5;14;0.4;22.0
510,370033;María Dolores,Los Angeles Ad.;37° 24' 10'' S;120;2019;5;15;3.0;17.5
511,370033;María Dolores,Los Angeles Ad.;37° 24' 10'' S;120;2019;5;16;11.0;13.5
512,370033;María Dolores,Los Angeles Ad.;37° 24' 10'' S;120;2019;5;17;10.0;15.6
513,370033;María Dolores,Los Angeles Ad.;37° 24' 10'' S;120;2019;5;18;0.0;15.2
514,370033;María Dolores,Los Angeles Ad.;37° 24' 10'' S;120;2019;5;19;-0.4;16.2
515,370033;María Dolores,Los Angeles Ad.;37° 24' 10'' S;120;2019;5;20;3.6;14.4
516,370033;María Dolores,Los Angeles Ad.;37° 24' 10'' S;120;2019;5;21;-1.0;18.0
517,370033;María Dolores,Los Angeles Ad.;37° 24' 10'' S;120;2019;5;22;-2.0;16.0
518,370033;María Dolores,Los Angeles Ad.;37° 24' 10'' S;120;2019;5;23;-2.2;10.4
519,370033;María Dolores,Los Angeles Ad.;37° 24' 10'' S;120;2019;5;24;0.0;12.0
520,370033;María Dolores,Los Angeles Ad.;37° 24' 10'' S;120;2019;5;25;3.0;11.8
521,370033;María Dolores,Los Angeles Ad.;37° 24' 10'' S;120;2019;5;26;4.7;12.4
522,370033;María Dolores,Los Angeles Ad.;37° 24' 10'' S;120;2019;5;27;10.0;14.8
523,370033;María Dolores,Los Angeles Ad.;37° 24' 10'' S;120;2019;5;28;5.0;14.6
524,370033;María Dolores,Los Angeles Ad.;37° 24' 10'' S;120;2019;5;29;9.8;12.6
525,370033;María Dolores,Los Angeles Ad.;37° 24' 10'' S;120;2019;5;30;10.6;15.0
526,370033;María Dolores,Los Angeles Ad.;37° 24' 10'' S;120;2019;5;31;10.8;13.6
527,380013;Maquehue,Temuco Ad.;38° 46' 4'' S;86;2019;5;1;5.7;17.2
528,380013;Maquehue,Temuco Ad.;38° 46' 4'' S;86;2019;5;2;14.2;16.4
529,380013;Maquehue,Temuco Ad.;38° 46' 4'' S;86;2019;5;3;13.6;18.4
530,380013;Maquehue,Temuco Ad.;38° 46' 4'' S;86;2019;5;4;12.6;20.2
531,380013;Maquehue,Temuco Ad.;38° 46' 4'' S;86;2019;5;5;9.6;19.1
532,380013;Maquehue,Temuco Ad.;38° 46' 4'' S;86;2019;5;6;8.8;18.3
533,380013;Maquehue,Temuco Ad.;38° 46' 4'' S;86;2019;5;7;9.2;11.7
534,380013;Maquehue,Temuco Ad.;38° 46' 4'' S;86;2019;5;8;8.9;12.1
535,380013;Maquehue,Temuco Ad.;38° 46' 4'' S;86;2019;5;9;9.2;12.6
536,380013;Maquehue,Temuco Ad.;38° 46' 4'' S;86;2019;5;10;4.7;16.4
537,380013;Maquehue,Temuco Ad.;38° 46' 4'' S;86;2019;5;11;9.5;19.9
538,380013;Maquehue,Temuco Ad.;38° 46' 4'' S;86;2019;5;12;10.4;17.9
539,380013;Maquehue,Temuco Ad.;38° 46' 4'' S;86;2019;5;13;3.9;18.2
540,380013;Maquehue,Temuco Ad.;38° 46' 4'' S;86;2019;5;14;2.3;18.6
541,380013;Maquehue,Temuco Ad.;38° 46' 4'' S;86;2019;5;15;2.5;18.2
542,380013;Maquehue,Temuco Ad.;38° 46' 4'' S;86;2019;5;16;4.5;15.2
543,380013;Maquehue,Temuco Ad.;38° 46' 4'' S;86;2019;5;17;10.0;16.6
544,380013;Maquehue,Temuco Ad.;38° 46' 4'' S;86;2019;5;18;3.8;15.1
545,380013;Maquehue,Temuco Ad.;38° 46' 4'' S;86;2019;5;19;0.4;13.3
546,380013;Maquehue,Temuco Ad.;38° 46' 4'' S;86;2019;5;20;2.1;15.9
547,380013;Maquehue,Temuco Ad.;38° 46' 4'' S;86;2019;5;21;-1.9;15.7
548,380013;Maquehue,Temuco Ad.;38° 46' 4'' S;86;2019;5;22;-1.3;12.8
549,380013;Maquehue,Temuco Ad.;38° 46' 4'' S;86;2019;5;23;-0.4;4.5
550,380013;Maquehue,Temuco Ad.;38° 46' 4'' S;86;2019;5;24;2.2;9.5
551,380013;Maquehue,Temuco Ad.;38° 46' 4'' S;86;2019;5;25;2.2;12.5
552,380013;Maquehue,Temuco Ad.;38° 46' 4'' S;86;2019;5;26;6.0;15.1
553,380013;Maquehue,Temuco Ad.;38° 46' 4'' S;86;2019;5;27;7.1;13.6
554,380013;Maquehue,Temuco Ad.;38° 46' 4'' S;86;2019;5;28;3.0;15.8
555,380013;Maquehue,Temuco Ad.;38° 46' 4'' S;86;2019;5;29;3.1;13.5
556,380013;Maquehue,Temuco Ad.;38° 46' 4'' S;86;2019;5;30;;16.7
557,380013;Maquehue,Temuco Ad.;38° 46' 4'' S;86;2019;5;31;;15.9
558,390006;Pichoy,Valdivia Ad.;39° 39' 2'' S;21;2019;5;1;9.1;14.7
559,390006;Pichoy,Valdivia Ad.;39° 39' 2'' S;21;2019;5;2;14.4;15.6
560,390006;Pichoy,Valdivia Ad.;39° 39' 2'' S;21;2019;5;3;12.0;15.5
561,390006;Pichoy,Valdivia Ad.;39° 39' 2'' S;21;2019;5;4;13.4;15.9
562,390006;Pichoy,Valdivia Ad.;39° 39' 2'' S;21;2019;5;5;7.7;17.0
563,390006;Pichoy,Valdivia Ad.;39° 39' 2'' S;21;2019;5;6;6.5;13.4
564,390006;Pichoy,Valdivia Ad.;39° 39' 2'' S;21;2019;5;7;6.8;15.6
565,390006;Pichoy,Valdivia Ad.;39° 39' 2'' S;21;2019;5;8;9.6;12.5
566,390006;Pichoy,Valdivia Ad.;39° 39' 2'' S;21;2019;5;9;8.0;13.6
567,390006;Pichoy,Valdivia Ad.;39° 39' 2'' S;21;2019;5;10;9.8;17.1
568,390006;Pichoy,Valdivia Ad.;39° 39' 2'' S;21;2019;5;11;10.7;14.7
569,390006;Pichoy,Valdivia Ad.;39° 39' 2'' S;21;2019;5;12;13.3;16.4
570,390006;Pichoy,Valdivia Ad.;39° 39' 2'' S;21;2019;5;13;0.8;15.5
571,390006;Pichoy,Valdivia Ad.;39° 39' 2'' S;21;2019;5;14;-1.0;14.9
572,390006;Pichoy,Valdivia Ad.;39° 39' 2'' S;21;2019;5;15;2.5;12.0
573,390006;Pichoy,Valdivia Ad.;39° 39' 2'' S;21;2019;5;16;5.5;16.1
574,390006;Pichoy,Valdivia Ad.;39° 39' 2'' S;21;2019;5;17;11.5;14.7
575,390006;Pichoy,Valdivia Ad.;39° 39' 2'' S;21;2019;5;18;1.4;13.0
576,390006;Pichoy,Valdivia Ad.;39° 39' 2'' S;21;2019;5;19;8.0;14.5
577,390006;Pichoy,Valdivia Ad.;39° 39' 2'' S;21;2019;5;20;4.5;14.5
578,390006;Pichoy,Valdivia Ad.;39° 39' 2'' S;21;2019;5;21;-0.7;9.3
579,390006;Pichoy,Valdivia Ad.;39° 39' 2'' S;21;2019;5;22;5.3;8.7
580,390006;Pichoy,Valdivia Ad.;39° 39' 2'' S;21;2019;5;23;3.2;8.0
581,390006;Pichoy,Valdivia Ad.;39° 39' 2'' S;21;2019;5;24;4.8;10.8
582,390006;Pichoy,Valdivia Ad.;39° 39' 2'' S;21;2019;5;25;3.6;11.7
583,390006;Pichoy,Valdivia Ad.;39° 39' 2'' S;21;2019;5;26;5.9;12.7
584,390006;Pichoy,Valdivia Ad.;39° 39' 2'' S;21;2019;5;27;6.9;15.0
585,390006;Pichoy,Valdivia Ad.;39° 39' 2'' S;21;2019;5;28;8.1;12.4
586,390006;Pichoy,Valdivia Ad.;39° 39' 2'' S;21;2019;5;29;0.3;10.4
587,390006;Pichoy,Valdivia Ad.;39° 39' 2'' S;21;2019;5;30;10.2;14.6
588,390006;Pichoy,Valdivia Ad.;39° 39' 2'' S;21;2019;5;31;11.1;13.2
589,400009;Cañal Bajo,Osorno Ad.;40° 36' 18'' S;61;2019;5;1;10.1;17.1
590,400009;Cañal Bajo,Osorno Ad.;40° 36' 18'' S;61;2019;5;2;9.8;13.2
591,400009;Cañal Bajo,Osorno Ad.;40° 36' 18'' S;61;2019;5;3;7.7;17.5
592,400009;Cañal Bajo,Osorno Ad.;40° 36' 18'' S;61;2019;5;4;11.7;14.9
593,400009;Cañal Bajo,Osorno Ad.;40° 36' 18'' S;61;2019;5;5;6.7;17.1
594,400009;Cañal Bajo,Osorno Ad.;40° 36' 18'' S;61;2019;5;6;2.5;12.6
595,400009;Cañal Bajo,Osorno Ad.;40° 36' 18'' S;61;2019;5;7;5.0;13.0
596,400009;Cañal Bajo,Osorno Ad.;40° 36' 18'' S;61;2019;5;8;4.3;10.9
597,400009;Cañal Bajo,Osorno Ad.;40° 36' 18'' S;61;2019;5;9;7.8;13.3
598,400009;Cañal Bajo,Osorno Ad.;40° 36' 18'' S;61;2019;5;10;7.3;16.0
599,400009;Cañal Bajo,Osorno Ad.;40° 36' 18'' S;61;2019;5;11;11.0;15.5
600,400009;Cañal Bajo,Osorno Ad.;40° 36' 18'' S;61;2019;5;12;13.0;17.0
601,400009;Cañal Bajo,Osorno Ad.;40° 36' 18'' S;61;2019;5;13;-0.6;13.6
602,400009;Cañal Bajo,Osorno Ad.;40° 36' 18'' S;61;2019;5;14;-1.6;13.9
603,400009;Cañal Bajo,Osorno Ad.;40° 36' 18'' S;61;2019;5;15;0.4;12.7
604,400009;Cañal Bajo,Osorno Ad.;40° 36' 18'' S;61;2019;5;16;2.7;15.1
605,400009;Cañal Bajo,Osorno Ad.;40° 36' 18'' S;61;2019;5;17;10.9;14.5
606,400009;Cañal Bajo,Osorno Ad.;40° 36' 18'' S;61;2019;5;18;3.8;13.0
607,400009;Cañal Bajo,Osorno Ad.;40° 36' 18'' S;61;2019;5;19;4.4;13.7
608,400009;Cañal Bajo,Osorno Ad.;40° 36' 18'' S;61;2019;5;20;4.5;12.5
609,400009;Cañal Bajo,Osorno Ad.;40° 36' 18'' S;61;2019;5;21;0.7;8.3
610,400009;Cañal Bajo,Osorno Ad.;40° 36' 18'' S;61;2019;5;22;4.7;7.9
611,400009;Cañal Bajo,Osorno Ad.;40° 36' 18'' S;61;2019;5;23;6.0;9.4
612,400009;Cañal Bajo,Osorno Ad.;40° 36' 18'' S;61;2019;5;24;4.6;11.5
613,400009;Cañal Bajo,Osorno Ad.;40° 36' 18'' S;61;2019;5;25;7.9;12.1
614,400009;Cañal Bajo,Osorno Ad.;40° 36' 18'' S;61;2019;5;26;7.7;13.5
615,400009;Cañal Bajo,Osorno Ad.;40° 36' 18'' S;61;2019;5;27;3.7;11.6
616,400009;Cañal Bajo,Osorno Ad.;40° 36' 18'' S;61;2019;5;28;3.4;11.5
617,400009;Cañal Bajo,Osorno Ad.;40° 36' 18'' S;61;2019;5;29;-0.9;8.9
618,400009;Cañal Bajo,Osorno Ad.;40° 36' 18'' S;61;2019;5;30;7.9;13.0
619,400009;Cañal Bajo,Osorno Ad.;40° 36' 18'' S;61;2019;5;31;11.4;13.3
620,410005;El Tepual Puerto Montt Ap.;41° 26' 6'' S;85;2019;5;1;9.7;15.8,
621,410005;El Tepual Puerto Montt Ap.;41° 26' 6'' S;85;2019;5;2;4.4;11.1,
622,410005;El Tepual Puerto Montt Ap.;41° 26' 6'' S;85;2019;5;3;8.0;16.2,
623,410005;El Tepual Puerto Montt Ap.;41° 26' 6'' S;85;2019;5;4;11.2;16.1,
624,410005;El Tepual Puerto Montt Ap.;41° 26' 6'' S;85;2019;5;5;10.9;12.4,
625,410005;El Tepual Puerto Montt Ap.;41° 26' 6'' S;85;2019;5;6;4.1;12.9,
626,410005;El Tepual Puerto Montt Ap.;41° 26' 6'' S;85;2019;5;7;3.2;12.1,
627,410005;El Tepual Puerto Montt Ap.;41° 26' 6'' S;85;2019;5;8;5.5;9.9,
628,410005;El Tepual Puerto Montt Ap.;41° 26' 6'' S;85;2019;5;9;8.2;11.4,
629,410005;El Tepual Puerto Montt Ap.;41° 26' 6'' S;85;2019;5;10;8.5;14.2,
630,410005;El Tepual Puerto Montt Ap.;41° 26' 6'' S;85;2019;5;11;10.8;14.3,
631,410005;El Tepual Puerto Montt Ap.;41° 26' 6'' S;85;2019;5;12;12.5;15.5,
632,410005;El Tepual Puerto Montt Ap.;41° 26' 6'' S;85;2019;5;13;-0.1;11.4,
633,410005;El Tepual Puerto Montt Ap.;41° 26' 6'' S;85;2019;5;14;-0.1;16.0,
634,410005;El Tepual Puerto Montt Ap.;41° 26' 6'' S;85;2019;5;15;0.2;15.7,
635,410005;El Tepual Puerto Montt Ap.;41° 26' 6'' S;85;2019;5;16;5.7;14.2,
636,410005;El Tepual Puerto Montt Ap.;41° 26' 6'' S;85;2019;5;17;10.2;12.1,
637,410005;El Tepual Puerto Montt Ap.;41° 26' 6'' S;85;2019;5;18;4.7;12.6,
638,410005;El Tepual Puerto Montt Ap.;41° 26' 6'' S;85;2019;5;19;5.4;12.6,
639,410005;El Tepual Puerto Montt Ap.;41° 26' 6'' S;85;2019;5;20;2.1;10.7,
640,410005;El Tepual Puerto Montt Ap.;41° 26' 6'' S;85;2019;5;21;-0.4;9.9,
641,410005;El Tepual Puerto Montt Ap.;41° 26' 6'' S;85;2019;5;22;4.8;8.1,
642,410005;El Tepual Puerto Montt Ap.;41° 26' 6'' S;85;2019;5;23;6.1;8.4,
643,410005;El Tepual Puerto Montt Ap.;41° 26' 6'' S;85;2019;5;24;4.7;9.5,
644,410005;El Tepual Puerto Montt Ap.;41° 26' 6'' S;85;2019;5;25;8.6;13.4,
645,410005;El Tepual Puerto Montt Ap.;41° 26' 6'' S;85;2019;5;26;4.6;12.6,
646,410005;El Tepual Puerto Montt Ap.;41° 26' 6'' S;85;2019;5;27;3.7;12.8,
647,410005;El Tepual Puerto Montt Ap.;41° 26' 6'' S;85;2019;5;28;4.1;11.8,
648,410005;El Tepual Puerto Montt Ap.;41° 26' 6'' S;85;2019;5;29;-1.3;9.1,
649,410005;El Tepual Puerto Montt Ap.;41° 26' 6'' S;85;2019;5;30;8.0;13.6,
650,410005;El Tepual Puerto Montt Ap.;41° 26' 6'' S;85;2019;5;31;11.1;13.8,
651,430002;Futaleufú Ad.;43° 11' 20'' S;347;2019;5;1;6.0;11.1,
652,430002;Futaleufú Ad.;43° 11' 20'' S;347;2019;5;2;2.2;11.3,
653,430002;Futaleufú Ad.;43° 11' 20'' S;347;2019;5;3;-1.2;8.7,
654,430002;Futaleufú Ad.;43° 11' 20'' S;347;2019;5;4;3.6;9.9,
655,430002;Futaleufú Ad.;43° 11' 20'' S;347;2019;5;5;6.0;16.1,
656,430002;Futaleufú Ad.;43° 11' 20'' S;347;2019;5;6;1.8;10.4,
657,430002;Futaleufú Ad.;43° 11' 20'' S;347;2019;5;7;1.6;12.0,
658,430002;Futaleufú Ad.;43° 11' 20'' S;347;2019;5;8;1.6;10.5,
659,430002;Futaleufú Ad.;43° 11' 20'' S;347;2019;5;9;2.2;10.7,
660,430002;Futaleufú Ad.;43° 11' 20'' S;347;2019;5;10;3.1;13.0,
661,430002;Futaleufú Ad.;43° 11' 20'' S;347;2019;5;11;10.0;17.6,
662,430002;Futaleufú Ad.;43° 11' 20'' S;347;2019;5;12;7.4;13.2,
663,430002;Futaleufú Ad.;43° 11' 20'' S;347;2019;5;13;-1.1;10.3,
664,430002;Futaleufú Ad.;43° 11' 20'' S;347;2019;5;14;-2.6;10.6,
665,430002;Futaleufú Ad.;43° 11' 20'' S;347;2019;5;15;-1.0;9.6,
666,430002;Futaleufú Ad.;43° 11' 20'' S;347;2019;5;16;1.0;9.9,
667,430002;Futaleufú Ad.;43° 11' 20'' S;347;2019;5;17;4.9;9.8,
668,430002;Futaleufú Ad.;43° 11' 20'' S;347;2019;5;18;2.9;9.2,
669,430002;Futaleufú Ad.;43° 11' 20'' S;347;2019;5;19;2.4;7.6,
670,430002;Futaleufú Ad.;43° 11' 20'' S;347;2019;5;20;0.1;6.6,
671,430002;Futaleufú Ad.;43° 11' 20'' S;347;2019;5;21;-1.4;3.8,
672,430002;Futaleufú Ad.;43° 11' 20'' S;347;2019;5;22;-0.7;6.6,
673,430002;Futaleufú Ad.;43° 11' 20'' S;347;2019;5;23;1.5;8.9,
674,430002;Futaleufú Ad.;43° 11' 20'' S;347;2019;5;24;0.7;12.3,
675,430002;Futaleufú Ad.;43° 11' 20'' S;347;2019;5;25;4.9;12.8,
676,430002;Futaleufú Ad.;43° 11' 20'' S;347;2019;5;26;-0.8;8.6,
677,430002;Futaleufú Ad.;43° 11' 20'' S;347;2019;5;27;0.3;7.9,
678,430002;Futaleufú Ad.;43° 11' 20'' S;347;2019;5;28;-0.2;8.5,
679,430002;Futaleufú Ad.;43° 11' 20'' S;347;2019;5;29;-2.7;8.0,
680,430002;Futaleufú Ad.;43° 11' 20'' S;347;2019;5;30;2.8;6.2,
681,430002;Futaleufú Ad.;43° 11' 20'' S;347;2019;5;31;2.2;7.3,
682,430004;Alto Palena Ad.;43° 36' 42'' S;281;2019;5;1;6.6;10.9,
683,430004;Alto Palena Ad.;43° 36' 42'' S;281;2019;5;2;2.9;11.3,
684,430004;Alto Palena Ad.;43° 36' 42'' S;281;2019;5;3;-0.5;9.0,
685,430004;Alto Palena Ad.;43° 36' 42'' S;281;2019;5;4;3.8;11.8,
686,430004;Alto Palena Ad.;43° 36' 42'' S;281;2019;5;5;7.2;15.2,
687,430004;Alto Palena Ad.;43° 36' 42'' S;281;2019;5;6;3.7;12.6,
688,430004;Alto Palena Ad.;43° 36' 42'' S;281;2019;5;7;0.9;12.7,
689,430004;Alto Palena Ad.;43° 36' 42'' S;281;2019;5;8;0.3;15.0,
690,430004;Alto Palena Ad.;43° 36' 42'' S;281;2019;5;9;1.6;13.5,
691,430004;Alto Palena Ad.;43° 36' 42'' S;281;2019;5;10;2.6;13.2,
692,430004;Alto Palena Ad.;43° 36' 42'' S;281;2019;5;11;8.9;19.3,
693,430004;Alto Palena Ad.;43° 36' 42'' S;281;2019;5;12;10.1;12.4,
694,430004;Alto Palena Ad.;43° 36' 42'' S;281;2019;5;13;0.2;11.5,
695,430004;Alto Palena Ad.;43° 36' 42'' S;281;2019;5;14;-1.9;11.4,
696,430004;Alto Palena Ad.;43° 36' 42'' S;281;2019;5;15;-0.1;12.2,
697,430004;Alto Palena Ad.;43° 36' 42'' S;281;2019;5;16;0.9;9.3,
698,430004;Alto Palena Ad.;43° 36' 42'' S;281;2019;5;17;5.6;9.4,
699,430004;Alto Palena Ad.;43° 36' 42'' S;281;2019;5;18;3.2;9.1,
700,430004;Alto Palena Ad.;43° 36' 42'' S;281;2019;5;19;1.9;9.0,
701,430004;Alto Palena Ad.;43° 36' 42'' S;281;2019;5;20;1.6;6.9,
702,430004;Alto Palena Ad.;43° 36' 42'' S;281;2019;5;21;-1.8;4.8,
703,430004;Alto Palena Ad.;43° 36' 42'' S;281;2019;5;22;-0.9;5.6,
704,430004;Alto Palena Ad.;43° 36' 42'' S;281;2019;5;23;0.4;7.9,
705,430004;Alto Palena Ad.;43° 36' 42'' S;281;2019;5;24;0.0;9.5,
706,430004;Alto Palena Ad.;43° 36' 42'' S;281;2019;5;25;5.4;12.3,
707,430004;Alto Palena Ad.;43° 36' 42'' S;281;2019;5;26;-1.3;8.0,
708,430004;Alto Palena Ad.;43° 36' 42'' S;281;2019;5;27;-0.1;7.6,
709,430004;Alto Palena Ad.;43° 36' 42'' S;281;2019;5;28;2.4;9.0,
710,430004;Alto Palena Ad.;43° 36' 42'' S;281;2019;5;29;-2.3;9.9,
711,430004;Alto Palena Ad.;43° 36' 42'' S;281;2019;5;30;3.3;,
712,430004;Alto Palena Ad.;43° 36' 42'' S;281;2019;5;31;1.8;7.7,
713,450001;Puerto Aysén Ad.;45° 23' 58'' S;11;2019;5;1;7.2;12.2,
714,450001;Puerto Aysén Ad.;45° 23' 58'' S;11;2019;5;2;3.9;9.3,
715,450001;Puerto Aysén Ad.;45° 23' 58'' S;11;2019;5;3;-0.3;11.3,
716,450001;Puerto Aysén Ad.;45° 23' 58'' S;11;2019;5;4;5.2;,
717,450001;Puerto Aysén Ad.;45° 23' 58'' S;11;2019;5;6;;12.3,
718,450001;Puerto Aysén Ad.;45° 23' 58'' S;11;2019;5;7;5.2;14.0,
719,450001;Puerto Aysén Ad.;45° 23' 58'' S;11;2019;5;8;8.3;15.3,
720,450001;Puerto Aysén Ad.;45° 23' 58'' S;11;2019;5;9;4.3;12.1,
721,450001;Puerto Aysén Ad.;45° 23' 58'' S;11;2019;5;10;6.7;12.0,
722,450001;Puerto Aysén Ad.;45° 23' 58'' S;11;2019;5;11;11.5;17.6,
723,450001;Puerto Aysén Ad.;45° 23' 58'' S;11;2019;5;12;8.4;,
724,450001;Puerto Aysén Ad.;45° 23' 58'' S;11;2019;5;13;;11.5,
725,450001;Puerto Aysén Ad.;45° 23' 58'' S;11;2019;5;14;2.6;8.2,
726,450001;Puerto Aysén Ad.;45° 23' 58'' S;11;2019;5;15;6.1;13.1,
727,450001;Puerto Aysén Ad.;45° 23' 58'' S;11;2019;5;16;7.1;12.4,
728,450001;Puerto Aysén Ad.;45° 23' 58'' S;11;2019;5;17;8.9;11.2,
729,450001;Puerto Aysén Ad.;45° 23' 58'' S;11;2019;5;18;5.7;12.4,
730,450001;Puerto Aysén Ad.;45° 23' 58'' S;11;2019;5;19;5.8;10.3,
731,450001;Puerto Aysén Ad.;45° 23' 58'' S;11;2019;5;20;1.2;8.9,
732,450001;Puerto Aysén Ad.;45° 23' 58'' S;11;2019;5;21;-0.4;8.6,
733,450001;Puerto Aysén Ad.;45° 23' 58'' S;11;2019;5;22;2.5;8.4,
734,450001;Puerto Aysén Ad.;45° 23' 58'' S;11;2019;5;23;6.2;10.1,
735,450001;Puerto Aysén Ad.;45° 23' 58'' S;11;2019;5;24;6.4;11.0,
736,450001;Puerto Aysén Ad.;45° 23' 58'' S;11;2019;5;25;;,
737,450001;Puerto Aysén Ad.;45° 23' 58'' S;11;2019;5;26;;8.5,
738,450001;Puerto Aysén Ad.;45° 23' 58'' S;11;2019;5;27;4.2;7.8,
739,450001;Puerto Aysén Ad.;45° 23' 58'' S;11;2019;5;28;3.0;9.8,
740,450001;Puerto Aysén Ad.;45° 23' 58'' S;11;2019;5;29;-0.9;10.4,
741,450001;Puerto Aysén Ad.;45° 23' 58'' S;11;2019;5;30;5.1;8.1,
742,450001;Puerto Aysén Ad.;45° 23' 58'' S;11;2019;5;31;4.0;7.1,
743,450004;Teniente Vidal,Coyhaique Ad.;45° 35' 38'' S;310;2019;5;1;5.5;11.7
744,450004;Teniente Vidal,Coyhaique Ad.;45° 35' 38'' S;310;2019;5;2;-0.6;9.4
745,450004;Teniente Vidal,Coyhaique Ad.;45° 35' 38'' S;310;2019;5;3;-1.9;8.7
746,450004;Teniente Vidal,Coyhaique Ad.;45° 35' 38'' S;310;2019;5;4;1.1;10.8
747,450004;Teniente Vidal,Coyhaique Ad.;45° 35' 38'' S;310;2019;5;5;6.0;12.9
748,450004;Teniente Vidal,Coyhaique Ad.;45° 35' 38'' S;310;2019;5;6;3.3;14.6
749,450004;Teniente Vidal,Coyhaique Ad.;45° 35' 38'' S;310;2019;5;7;3.8;16.6
750,450004;Teniente Vidal,Coyhaique Ad.;45° 35' 38'' S;310;2019;5;8;4.8;9.9
751,450004;Teniente Vidal,Coyhaique Ad.;45° 35' 38'' S;310;2019;5;9;1.6;13.9
752,450004;Teniente Vidal,Coyhaique Ad.;45° 35' 38'' S;310;2019;5;10;5.1;14.2
753,450004;Teniente Vidal,Coyhaique Ad.;45° 35' 38'' S;310;2019;5;11;11.3;18.9
754,450004;Teniente Vidal,Coyhaique Ad.;45° 35' 38'' S;310;2019;5;12;3.9;10.5
755,450004;Teniente Vidal,Coyhaique Ad.;45° 35' 38'' S;310;2019;5;13;3.3;10.8
756,450004;Teniente Vidal,Coyhaique Ad.;45° 35' 38'' S;310;2019;5;14;-1.4;7.3
757,450004;Teniente Vidal,Coyhaique Ad.;45° 35' 38'' S;310;2019;5;15;6.8;10.7
758,450004;Teniente Vidal,Coyhaique Ad.;45° 35' 38'' S;310;2019;5;16;6.4;7.6
759,450004;Teniente Vidal,Coyhaique Ad.;45° 35' 38'' S;310;2019;5;17;6.2;10.8
760,450004;Teniente Vidal,Coyhaique Ad.;45° 35' 38'' S;310;2019;5;18;4.1;10.8
761,450004;Teniente Vidal,Coyhaique Ad.;45° 35' 38'' S;310;2019;5;19;1.6;8.4
762,450004;Teniente Vidal,Coyhaique Ad.;45° 35' 38'' S;310;2019;5;20;-2.7;7.5
763,450004;Teniente Vidal,Coyhaique Ad.;45° 35' 38'' S;310;2019;5;21;-2.3;9.5
764,450004;Teniente Vidal,Coyhaique Ad.;45° 35' 38'' S;310;2019;5;22;2.9;9.4
765,450004;Teniente Vidal,Coyhaique Ad.;45° 35' 38'' S;310;2019;5;23;5.3;11.5
766,450004;Teniente Vidal,Coyhaique Ad.;45° 35' 38'' S;310;2019;5;24;4.9;11.5
767,450004;Teniente Vidal,Coyhaique Ad.;45° 35' 38'' S;310;2019;5;25;5.0;8.8
768,450004;Teniente Vidal,Coyhaique Ad.;45° 35' 38'' S;310;2019;5;26;0.1;8.7
769,450004;Teniente Vidal,Coyhaique Ad.;45° 35' 38'' S;310;2019;5;27;2.8;7.3
770,450004;Teniente Vidal,Coyhaique Ad.;45° 35' 38'' S;310;2019;5;28;-1.2;7.2
771,450004;Teniente Vidal,Coyhaique Ad.;45° 35' 38'' S;310;2019;5;29;-5.4;4.4
772,450004;Teniente Vidal,Coyhaique Ad.;45° 35' 38'' S;310;2019;5;30;-3.4;4.3
773,450004;Teniente Vidal,Coyhaique Ad.;45° 35' 38'' S;310;2019;5;31;0.1;2.1
774,450005;Balmaceda Ad.;45° 54' 46'' S;517;2019;5;1;4.0;10.9,
775,450005;Balmaceda Ad.;45° 54' 46'' S;517;2019;5;2;-0.6;7.4,
776,450005;Balmaceda Ad.;45° 54' 46'' S;517;2019;5;3;-5.0;9.1,
777,450005;Balmaceda Ad.;45° 54' 46'' S;517;2019;5;4;-1.5;10.8,
778,450005;Balmaceda Ad.;45° 54' 46'' S;517;2019;5;5;4.9;11.2,
779,450005;Balmaceda Ad.;45° 54' 46'' S;517;2019;5;6;-0.8;13.1,
780,450005;Balmaceda Ad.;45° 54' 46'' S;517;2019;5;7;0.3;14.8,
781,450005;Balmaceda Ad.;45° 54' 46'' S;517;2019;5;8;-0.4;13.2,
782,450005;Balmaceda Ad.;45° 54' 46'' S;517;2019;5;9;-0.9;12.5,
783,450005;Balmaceda Ad.;45° 54' 46'' S;517;2019;5;10;1.9;12.8,
784,450005;Balmaceda Ad.;45° 54' 46'' S;517;2019;5;11;10.3;15.7,
785,450005;Balmaceda Ad.;45° 54' 46'' S;517;2019;5;12;6.1;7.7,
786,450005;Balmaceda Ad.;45° 54' 46'' S;517;2019;5;13;2.9;8.4,
787,450005;Balmaceda Ad.;45° 54' 46'' S;517;2019;5;14;-3.1;7.6,
788,450005;Balmaceda Ad.;45° 54' 46'' S;517;2019;5;15;1.6;8.8,
789,450005;Balmaceda Ad.;45° 54' 46'' S;517;2019;5;16;1.2;6.7,
790,450005;Balmaceda Ad.;45° 54' 46'' S;517;2019;5;17;1.8;9.9,
791,450005;Balmaceda Ad.;45° 54' 46'' S;517;2019;5;18;2.6;7.3,
792,450005;Balmaceda Ad.;45° 54' 46'' S;517;2019;5;19;1.1;7.7,
793,450005;Balmaceda Ad.;45° 54' 46'' S;517;2019;5;20;-6.7;5.6,
794,450005;Balmaceda Ad.;45° 54' 46'' S;517;2019;5;21;-4.4;7.8,
795,450005;Balmaceda Ad.;45° 54' 46'' S;517;2019;5;22;4.1;8.5,
796,450005;Balmaceda Ad.;45° 54' 46'' S;517;2019;5;23;6.0;10.2,
797,450005;Balmaceda Ad.;45° 54' 46'' S;517;2019;5;24;4.8;10.2,
798,450005;Balmaceda Ad.;45° 54' 46'' S;517;2019;5;25;2.9;7.4,
799,450005;Balmaceda Ad.;45° 54' 46'' S;517;2019;5;26;0.2;7.2,
800,450005;Balmaceda Ad.;45° 54' 46'' S;517;2019;5;27;0.3;6.8,
801,450005;Balmaceda Ad.;45° 54' 46'' S;517;2019;5;28;-5.9;5.4,
802,450005;Balmaceda Ad.;45° 54' 46'' S;517;2019;5;29;-8.9;6.2,
803,450005;Balmaceda Ad.;45° 54' 46'' S;517;2019;5;30;-6.5;3.9,
804,450005;Balmaceda Ad.;45° 54' 46'' S;517;2019;5;31;-2.7;3.1,
805,460001;Chile Chico Ad.;46° 34' 51'' S;306;2019;5;1;6.0;12.7,
806,460001;Chile Chico Ad.;46° 34' 51'' S;306;2019;5;2;2.5;11.5,
807,460001;Chile Chico Ad.;46° 34' 51'' S;306;2019;5;3;-0.8;10.6,
808,460001;Chile Chico Ad.;46° 34' 51'' S;306;2019;5;4;-0.5;10.2,
809,460001;Chile Chico Ad.;46° 34' 51'' S;306;2019;5;5;3.8;17.6,
810,460001;Chile Chico Ad.;46° 34' 51'' S;306;2019;5;6;-1.5;15.9,
811,460001;Chile Chico Ad.;46° 34' 51'' S;306;2019;5;7;0.2;19.8,
812,460001;Chile Chico Ad.;46° 34' 51'' S;306;2019;5;8;2.0;12.8,
813,460001;Chile Chico Ad.;46° 34' 51'' S;306;2019;5;9;0.6;17.3,
814,460001;Chile Chico Ad.;46° 34' 51'' S;306;2019;5;10;-0.9;17.2,
815,460001;Chile Chico Ad.;46° 34' 51'' S;306;2019;5;11;12.6;20.4,
816,460001;Chile Chico Ad.;46° 34' 51'' S;306;2019;5;12;8.6;12.3,
817,460001;Chile Chico Ad.;46° 34' 51'' S;306;2019;5;13;6.6;12.9,
818,460001;Chile Chico Ad.;46° 34' 51'' S;306;2019;5;14;-0.9;9.2,
819,460001;Chile Chico Ad.;46° 34' 51'' S;306;2019;5;15;1.2;10.5,
820,460001;Chile Chico Ad.;46° 34' 51'' S;306;2019;5;16;1.4;8.3,
821,460001;Chile Chico Ad.;46° 34' 51'' S;306;2019;5;17;2.8;14.2,
822,460001;Chile Chico Ad.;46° 34' 51'' S;306;2019;5;18;4.1;10.3,
823,460001;Chile Chico Ad.;46° 34' 51'' S;306;2019;5;19;-0.9;10.1,
824,460001;Chile Chico Ad.;46° 34' 51'' S;306;2019;5;20;-4.2;11.7,
825,460001;Chile Chico Ad.;46° 34' 51'' S;306;2019;5;21;-2.5;8.5,
826,460001;Chile Chico Ad.;46° 34' 51'' S;306;2019;5;22;2.7;15.5,
827,460001;Chile Chico Ad.;46° 34' 51'' S;306;2019;5;23;5.7;15.5,
828,460001;Chile Chico Ad.;46° 34' 51'' S;306;2019;5;24;3.7;15.4,
829,460001;Chile Chico Ad.;46° 34' 51'' S;306;2019;5;25;-1.4;11.7,
830,460001;Chile Chico Ad.;46° 34' 51'' S;306;2019;5;26;-3.1;10.1,
831,460001;Chile Chico Ad.;46° 34' 51'' S;306;2019;5;27;-2.1;10.5,
832,460001;Chile Chico Ad.;46° 34' 51'' S;306;2019;5;28;-3.0;8.5,
833,460001;Chile Chico Ad.;46° 34' 51'' S;306;2019;5;29;-5.4;7.7,
834,460001;Chile Chico Ad.;46° 34' 51'' S;306;2019;5;30;-4.3;4.8,
835,460001;Chile Chico Ad.;46° 34' 51'' S;306;2019;5;31;-3.2;4.0,
836,470001;Lord Cochrane Ad.;47° 14' 38'' S;204;2019;5;1;2.6;7.8,
837,470001;Lord Cochrane Ad.;47° 14' 38'' S;204;2019;5;2;3.5;6.5,
838,470001;Lord Cochrane Ad.;47° 14' 38'' S;204;2019;5;3;2.3;11.1,
839,470001;Lord Cochrane Ad.;47° 14' 38'' S;204;2019;5;4;-1.4;10.6,
840,470001;Lord Cochrane Ad.;47° 14' 38'' S;204;2019;5;5;2.3;11.6,
841,470001;Lord Cochrane Ad.;47° 14' 38'' S;204;2019;5;6;0.6;11.9,
842,470001;Lord Cochrane Ad.;47° 14' 38'' S;204;2019;5;7;2.1;13.1,
843,470001;Lord Cochrane Ad.;47° 14' 38'' S;204;2019;5;8;2.3;11.8,
844,470001;Lord Cochrane Ad.;47° 14' 38'' S;204;2019;5;9;2.5;13.4,
845,470001;Lord Cochrane Ad.;47° 14' 38'' S;204;2019;5;10;0.2;13.8,
846,470001;Lord Cochrane Ad.;47° 14' 38'' S;204;2019;5;11;0.2;13.8,
847,470001;Lord Cochrane Ad.;47° 14' 38'' S;204;2019;5;12;7.4;9.5,
848,470001;Lord Cochrane Ad.;47° 14' 38'' S;204;2019;5;13;2.6;12.0,
849,470001;Lord Cochrane Ad.;47° 14' 38'' S;204;2019;5;14;0.4;4.3,
850,470001;Lord Cochrane Ad.;47° 14' 38'' S;204;2019;5;15;-1.3;6.9,
851,470001;Lord Cochrane Ad.;47° 14' 38'' S;204;2019;5;16;4.5;6.8,
852,470001;Lord Cochrane Ad.;47° 14' 38'' S;204;2019;5;17;2.2;8.2,
853,470001;Lord Cochrane Ad.;47° 14' 38'' S;204;2019;5;18;2.2;8.2,
854,470001;Lord Cochrane Ad.;47° 14' 38'' S;204;2019;5;19;2.1;8.0,
855,470001;Lord Cochrane Ad.;47° 14' 38'' S;204;2019;5;20;-0.2;10.4,
856,470001;Lord Cochrane Ad.;47° 14' 38'' S;204;2019;5;21;-0.2;5.6,
857,470001;Lord Cochrane Ad.;47° 14' 38'' S;204;2019;5;22;0.5;11.5,
858,470001;Lord Cochrane Ad.;47° 14' 38'' S;204;2019;5;23;5.1;15.3,
859,470001;Lord Cochrane Ad.;47° 14' 38'' S;204;2019;5;24;5.3;12.3,
860,470001;Lord Cochrane Ad.;47° 14' 38'' S;204;2019;5;25;-2.2;5.1,
861,470001;Lord Cochrane Ad.;47° 14' 38'' S;204;2019;5;26;-1.6;5.9,
862,470001;Lord Cochrane Ad.;47° 14' 38'' S;204;2019;5;27;-0.3;6.0,
863,470001;Lord Cochrane Ad.;47° 14' 38'' S;204;2019;5;28;-0.8;4.8,
864,470001;Lord Cochrane Ad.;47° 14' 38'' S;204;2019;5;29;-3.7;2.9,
865,470001;Lord Cochrane Ad.;47° 14' 38'' S;204;2019;5;30;-6.8;3.4,
866,470001;Lord Cochrane Ad.;47° 14' 38'' S;204;2019;5;31;-3.5;4.6,
867,510005;Teniente Gallardo,Puerto Natales Ad.;51° 40' 2'' S;69;2019;5;1;-2.5;6.3
868,510005;Teniente Gallardo,Puerto Natales Ad.;51° 40' 2'' S;69;2019;5;2;1.0;8.4
869,510005;Teniente Gallardo,Puerto Natales Ad.;51° 40' 2'' S;69;2019;5;3;-2.4;7.6
870,510005;Teniente Gallardo,Puerto Natales Ad.;51° 40' 2'' S;69;2019;5;4;-4.9;5.6
871,510005;Teniente Gallardo,Puerto Natales Ad.;51° 40' 2'' S;69;2019;5;5;-0.4;14.0
872,510005;Teniente Gallardo,Puerto Natales Ad.;51° 40' 2'' S;69;2019;5;6;5.8;15.9
873,510005;Teniente Gallardo,Puerto Natales Ad.;51° 40' 2'' S;69;2019;5;7;6.2;13.3
874,510005;Teniente Gallardo,Puerto Natales Ad.;51° 40' 2'' S;69;2019;5;8;-4.0;12.8
875,510005;Teniente Gallardo,Puerto Natales Ad.;51° 40' 2'' S;69;2019;5;9;0.8;11.2
876,510005;Teniente Gallardo,Puerto Natales Ad.;51° 40' 2'' S;69;2019;5;10;-1.0;15.6
877,510005;Teniente Gallardo,Puerto Natales Ad.;51° 40' 2'' S;69;2019;5;11;0.4;6.6
878,510005;Teniente Gallardo,Puerto Natales Ad.;51° 40' 2'' S;69;2019;5;12;-0.3;7.0
879,510005;Teniente Gallardo,Puerto Natales Ad.;51° 40' 2'' S;69;2019;5;13;2.6;12.8
880,510005;Teniente Gallardo,Puerto Natales Ad.;51° 40' 2'' S;69;2019;5;14;6.1;13.6
881,510005;Teniente Gallardo,Puerto Natales Ad.;51° 40' 2'' S;69;2019;5;15;-2.6;6.4
882,510005;Teniente Gallardo,Puerto Natales Ad.;51° 40' 2'' S;69;2019;5;16;2.1;9.5
883,510005;Teniente Gallardo,Puerto Natales Ad.;51° 40' 2'' S;69;2019;5;17;1.0;10.9
884,510005;Teniente Gallardo,Puerto Natales Ad.;51° 40' 2'' S;69;2019;5;18;0.3;6.7
885,510005;Teniente Gallardo,Puerto Natales Ad.;51° 40' 2'' S;69;2019;5;19;1.8;7.6
886,510005;Teniente Gallardo,Puerto Natales Ad.;51° 40' 2'' S;69;2019;5;20;5.6;12.6
887,510005;Teniente Gallardo,Puerto Natales Ad.;51° 40' 2'' S;69;2019;5;21;3.3;15.5
888,510005;Teniente Gallardo,Puerto Natales Ad.;51° 40' 2'' S;69;2019;5;22;10.5;14.8
889,510005;Teniente Gallardo,Puerto Natales Ad.;51° 40' 2'' S;69;2019;5;23;7.4;13.5
890,510005;Teniente Gallardo,Puerto Natales Ad.;51° 40' 2'' S;69;2019;5;24;6.0;9.0
891,510005;Teniente Gallardo,Puerto Natales Ad.;51° 40' 2'' S;69;2019;5;25;-2.1;7.1
892,510005;Teniente Gallardo,Puerto Natales Ad.;51° 40' 2'' S;69;2019;5;26;-6.0;7.8
893,510005;Teniente Gallardo,Puerto Natales Ad.;51° 40' 2'' S;69;2019;5;27;-4.0;7.0
894,510005;Teniente Gallardo,Puerto Natales Ad.;51° 40' 2'' S;69;2019;5;28;-2.2;4.2
895,510005;Teniente Gallardo,Puerto Natales Ad.;51° 40' 2'' S;69;2019;5;29;-3.6;6.7
896,510005;Teniente Gallardo,Puerto Natales Ad.;51° 40' 2'' S;69;2019;5;30;-8.4;-0.7
897,510005;Teniente Gallardo,Puerto Natales Ad.;51° 40' 2'' S;69;2019;5;31;-6.2;-2.4
898,520006;Carlos Ibañez,Punta Arenas Ap.;53° 0' 12'' S;38;2019;5;1;0.7;6.2
899,520006;Carlos Ibañez,Punta Arenas Ap.;53° 0' 12'' S;38;2019;5;2;0.2;6.0
900,520006;Carlos Ibañez,Punta Arenas Ap.;53° 0' 12'' S;38;2019;5;3;-4.4;6.6
901,520006;Carlos Ibañez,Punta Arenas Ap.;53° 0' 12'' S;38;2019;5;4;-3.7;4.8
902,520006;Carlos Ibañez,Punta Arenas Ap.;53° 0' 12'' S;38;2019;5;5;-0.9;10.3
903,520006;Carlos Ibañez,Punta Arenas Ap.;53° 0' 12'' S;38;2019;5;6;3.4;11.7
904,520006;Carlos Ibañez,Punta Arenas Ap.;53° 0' 12'' S;38;2019;5;7;6.7;10.8
905,520006;Carlos Ibañez,Punta Arenas Ap.;53° 0' 12'' S;38;2019;5;8;2.4;11.6
906,520006;Carlos Ibañez,Punta Arenas Ap.;53° 0' 12'' S;38;2019;5;9;4.8;8.8
907,520006;Carlos Ibañez,Punta Arenas Ap.;53° 0' 12'' S;38;2019;5;10;2.1;13.5
908,520006;Carlos Ibañez,Punta Arenas Ap.;53° 0' 12'' S;38;2019;5;11;1.3;5.3
909,520006;Carlos Ibañez,Punta Arenas Ap.;53° 0' 12'' S;38;2019;5;12;2.5;8.6
910,520006;Carlos Ibañez,Punta Arenas Ap.;53° 0' 12'' S;38;2019;5;13;1.9;10.8
911,520006;Carlos Ibañez,Punta Arenas Ap.;53° 0' 12'' S;38;2019;5;14;5.3;11.1
912,520006;Carlos Ibañez,Punta Arenas Ap.;53° 0' 12'' S;38;2019;5;15;0.8;8.8
913,520006;Carlos Ibañez,Punta Arenas Ap.;53° 0' 12'' S;38;2019;5;16;4.3;7.7
914,520006;Carlos Ibañez,Punta Arenas Ap.;53° 0' 12'' S;38;2019;5;17;1.9;9.0
915,520006;Carlos Ibañez,Punta Arenas Ap.;53° 0' 12'' S;38;2019;5;18;1.8;4.4
916,520006;Carlos Ibañez,Punta Arenas Ap.;53° 0' 12'' S;38;2019;5;19;1.7;5.5
917,520006;Carlos Ibañez,Punta Arenas Ap.;53° 0' 12'' S;38;2019;5;20;5.2;10.0
918,520006;Carlos Ibañez,Punta Arenas Ap.;53° 0' 12'' S;38;2019;5;21;5.7;10.2
919,520006;Carlos Ibañez,Punta Arenas Ap.;53° 0' 12'' S;38;2019;5;22;7.4;8.5
920,520006;Carlos Ibañez,Punta Arenas Ap.;53° 0' 12'' S;38;2019;5;23;4.2;5.5
921,520006;Carlos Ibañez,Punta Arenas Ap.;53° 0' 12'' S;38;2019;5;24;3.8;7.9
922,520006;Carlos Ibañez,Punta Arenas Ap.;53° 0' 12'' S;38;2019;5;25;0.2;6.2
923,520006;Carlos Ibañez,Punta Arenas Ap.;53° 0' 12'' S;38;2019;5;26;-1.6;4.5
924,520006;Carlos Ibañez,Punta Arenas Ap.;53° 0' 12'' S;38;2019;5;27;2.7;5.1
925,520006;Carlos Ibañez,Punta Arenas Ap.;53° 0' 12'' S;38;2019;5;28;-5.6;3.7
926,520006;Carlos Ibañez,Punta Arenas Ap.;53° 0' 12'' S;38;2019;5;29;2.9;7.6
927,520006;Carlos Ibañez,Punta Arenas Ap.;53° 0' 12'' S;38;2019;5;30;-3.3;4.3
928,520006;Carlos Ibañez,Punta Arenas Ap.;53° 0' 12'' S;38;2019;5;31;-3.0;4.3
929,530005;Fuentes Martínez,Porvenir Ad.;53° 15' 13'' S;25;2019;5;1;0.2;7.2
930,530005;Fuentes Martínez,Porvenir Ad.;53° 15' 13'' S;25;2019;5;2;0.9;6.4
931,530005;Fuentes Martínez,Porvenir Ad.;53° 15' 13'' S;25;2019;5;3;-0.2;6.9
932,530005;Fuentes Martínez,Porvenir Ad.;53° 15' 13'' S;25;2019;5;4;-0.9;5.9
933,530005;Fuentes Martínez,Porvenir Ad.;53° 15' 13'' S;25;2019;5;5;0.4;10.1
934,530005;Fuentes Martínez,Porvenir Ad.;53° 15' 13'' S;25;2019;5;6;3.2;10.7
935,530005;Fuentes Martínez,Porvenir Ad.;53° 15' 13'' S;25;2019;5;7;4.3;10.9
936,530005;Fuentes Martínez,Porvenir Ad.;53° 15' 13'' S;25;2019;5;8;1.5;10.0
937,530005;Fuentes Martínez,Porvenir Ad.;53° 15' 13'' S;25;2019;5;9;4.3;9.0
938,530005;Fuentes Martínez,Porvenir Ad.;53° 15' 13'' S;25;2019;5;10;2.1;12.4
939,530005;Fuentes Martínez,Porvenir Ad.;53° 15' 13'' S;25;2019;5;11;2.4;6.3
940,530005;Fuentes Martínez,Porvenir Ad.;53° 15' 13'' S;25;2019;5;12;1.2;8.6
941,530005;Fuentes Martínez,Porvenir Ad.;53° 15' 13'' S;25;2019;5;13;0.4;12.0
942,530005;Fuentes Martínez,Porvenir Ad.;53° 15' 13'' S;25;2019;5;14;4.6;11.7
943,530005;Fuentes Martínez,Porvenir Ad.;53° 15' 13'' S;25;2019;5;15;1.5;9.4
944,530005;Fuentes Martínez,Porvenir Ad.;53° 15' 13'' S;25;2019;5;16;6.2;10.4
945,530005;Fuentes Martínez,Porvenir Ad.;53° 15' 13'' S;25;2019;5;17;2.5;8.6
946,530005;Fuentes Martínez,Porvenir Ad.;53° 15' 13'' S;25;2019;5;18;2.2;5.0
947,530005;Fuentes Martínez,Porvenir Ad.;53° 15' 13'' S;25;2019;5;19;1.3;5.5
948,530005;Fuentes Martínez,Porvenir Ad.;53° 15' 13'' S;25;2019;5;20;5.2;10.5
949,530005;Fuentes Martínez,Porvenir Ad.;53° 15' 13'' S;25;2019;5;21;4.8;9.4
950,530005;Fuentes Martínez,Porvenir Ad.;53° 15' 13'' S;25;2019;5;22;6.4;8.3
951,530005;Fuentes Martínez,Porvenir Ad.;53° 15' 13'' S;25;2019;5;23;3.8;6.9
952,530005;Fuentes Martínez,Porvenir Ad.;53° 15' 13'' S;25;2019;5;24;5.8;7.9
953,530005;Fuentes Martínez,Porvenir Ad.;53° 15' 13'' S;25;2019;5;25;0.6;6.6
954,530005;Fuentes Martínez,Porvenir Ad.;53° 15' 13'' S;25;2019;5;26;-0.9;5.1
955,530005;Fuentes Martínez,Porvenir Ad.;53° 15' 13'' S;25;2019;5;27;2.2;5.3
956,530005;Fuentes Martínez,Porvenir Ad.;53° 15' 13'' S;25;2019;5;28;-2.2;4.3
957,530005;Fuentes Martínez,Porvenir Ad.;53° 15' 13'' S;25;2019;5;29;2.1;7.7
958,530005;Fuentes Martínez,Porvenir Ad.;53° 15' 13'' S;25;2019;5;30;1.2;5.4
959,530005;Fuentes Martínez,Porvenir Ad.;53° 15' 13'' S;25;2019;5;31;-5.2;4.6
960,550001;Guardia Marina Zañartu,Pto Williams Ad.;54° 55' 54'' S;15;2019;5;1;1.0;7.1
961,550001;Guardia Marina Zañartu,Pto Williams Ad.;54° 55' 54'' S;15;2019;5;2;-0.1;2.9
962,550001;Guardia Marina Zañartu,Pto Williams Ad.;54° 55' 54'' S;15;2019;5;3;0.7;5.4
963,550001;Guardia Marina Zañartu,Pto Williams Ad.;54° 55' 54'' S;15;2019;5;4;-3.3;5.7
964,550001;Guardia Marina Zañartu,Pto Williams Ad.;54° 55' 54'' S;15;2019;5;5;-0.4;9.1
965,550001;Guardia Marina Zañartu,Pto Williams Ad.;54° 55' 54'' S;15;2019;5;6;0.7;9.3
966,550001;Guardia Marina Zañartu,Pto Williams Ad.;54° 55' 54'' S;15;2019;5;7;4.6;12.7
967,550001;Guardia Marina Zañartu,Pto Williams Ad.;54° 55' 54'' S;15;2019;5;8;1.0;9.9
968,550001;Guardia Marina Zañartu,Pto Williams Ad.;54° 55' 54'' S;15;2019;5;9;5.2;10.1
969,550001;Guardia Marina Zañartu,Pto Williams Ad.;54° 55' 54'' S;15;2019;5;10;1.1;12.1
970,550001;Guardia Marina Zañartu,Pto Williams Ad.;54° 55' 54'' S;15;2019;5;11;1.7;7.4
971,550001;Guardia Marina Zañartu,Pto Williams Ad.;54° 55' 54'' S;15;2019;5;12;-0.6;8.1
972,550001;Guardia Marina Zañartu,Pto Williams Ad.;54° 55' 54'' S;15;2019;5;13;1.2;11.5
973,550001;Guardia Marina Zañartu,Pto Williams Ad.;54° 55' 54'' S;15;2019;5;14;0.2;10.5
974,550001;Guardia Marina Zañartu,Pto Williams Ad.;54° 55' 54'' S;15;2019;5;15;-0.7;11.3
975,550001;Guardia Marina Zañartu,Pto Williams Ad.;54° 55' 54'' S;15;2019;5;16;4.7;13.0
976,550001;Guardia Marina Zañartu,Pto Williams Ad.;54° 55' 54'' S;15;2019;5;17;4.9;11.8
977,550001;Guardia Marina Zañartu,Pto Williams Ad.;54° 55' 54'' S;15;2019;5;18;-0.1;5.7
978,550001;Guardia Marina Zañartu,Pto Williams Ad.;54° 55' 54'' S;15;2019;5;19;0.5;5.4
979,550001;Guardia Marina Zañartu,Pto Williams Ad.;54° 55' 54'' S;15;2019;5;20;2.5;7.7
980,550001;Guardia Marina Zañartu,Pto Williams Ad.;54° 55' 54'' S;15;2019;5;21;4.0;9.4
981,550001;Guardia Marina Zañartu,Pto Williams Ad.;54° 55' 54'' S;15;2019;5;22;1.3;5.4
982,550001;Guardia Marina Zañartu,Pto Williams Ad.;54° 55' 54'' S;15;2019;5;23;0.1;4.7
983,550001;Guardia Marina Zañartu,Pto Williams Ad.;54° 55' 54'' S;15;2019;5;24;3.0;6.9
984,550001;Guardia Marina Zañartu,Pto Williams Ad.;54° 55' 54'' S;15;2019;5;25;-2.1;5.7
985,550001;Guardia Marina Zañartu,Pto Williams Ad.;54° 55' 54'' S;15;2019;5;26;-1.1;5.4
986,550001;Guardia Marina Zañartu,Pto Williams Ad.;54° 55' 54'' S;15;2019;5;27;-0.8;0.5
987,550001;Guardia Marina Zañartu,Pto Williams Ad.;54° 55' 54'' S;15;2019;5;28;-5.3;3.8
988,550001;Guardia Marina Zañartu,Pto Williams Ad.;54° 55' 54'' S;15;2019;5;29;3.2;7.2
989,550001;Guardia Marina Zañartu,Pto Williams Ad.;54° 55' 54'' S;15;2019;5;30;-1.6;5.7
990,550001;Guardia Marina Zañartu,Pto Williams Ad.;54° 55' 54'' S;15;2019;5;31;-1.6;2.5
991,950001;C.M.A. Eduardo Frei Montalva,Antártica;62° 11' 35'' S;45;2019;5;1;-5.3;0.0
992,950001;C.M.A. Eduardo Frei Montalva,Antártica;62° 11' 35'' S;45;2019;5;2;-6.8;-5.0
993,950001;C.M.A. Eduardo Frei Montalva,Antártica;62° 11' 35'' S;45;2019;5;3;-6.7;-2.7
994,950001;C.M.A. Eduardo Frei Montalva,Antártica;62° 11' 35'' S;45;2019;5;4;-3.1;0.7
995,950001;C.M.A. Eduardo Frei Montalva,Antártica;62° 11' 35'' S;45;2019;5;5;-1.3;0.3
996,950001;C.M.A. Eduardo Frei Montalva,Antártica;62° 11' 35'' S;45;2019;5;6;0.1;1.2
997,950001;C.M.A. Eduardo Frei Montalva,Antártica;62° 11' 35'' S;45;2019;5;7;0.1;2.1
998,950001;C.M.A. Eduardo Frei Montalva,Antártica;62° 11' 35'' S;45;2019;5;8;0.0;1.6
999,;;;;;;;;,
1000,950001;C.M.A. Eduardo Frei Montalva,Antártica;62° 11' 35'' S;45;2019;5;9;-0.4;1.4
1001,950001;C.M.A. Eduardo Frei Montalva,Antártica;62° 11' 35'' S;45;2019;5;10;-0.2;1.7
1002,950001;C.M.A. Eduardo Frei Montalva,Antártica;62° 11' 35'' S;45;2019;5;11;-0.9;2.1
1003,950001;C.M.A. Eduardo Frei Montalva,Antártica;62° 11' 35'' S;45;2019;5;12;-1.2;1.4
1004,950001;C.M.A. Eduardo Frei Montalva,Antártica;62° 11' 35'' S;45;2019;5;13;-0.8;1.9
1005,950001;C.M.A. Eduardo Frei Montalva,Antártica;62° 11' 35'' S;45;2019;5;14;-2.6;1.4
1006,950001;C.M.A. Eduardo Frei Montalva,Antártica;62° 11' 35'' S;45;2019;5;15;-2.9;-0.3
1007,950001;C.M.A. Eduardo Frei Montalva,Antártica;62° 11' 35'' S;45;2019;5;16;-2.9;1.3
1008,950001;C.M.A. Eduardo Frei Montalva,Antártica;62° 11' 35'' S;45;2019;5;17;-1.0;1.0
1009,950001;C.M.A. Eduardo Frei Montalva,Antártica;62° 11' 35'' S;45;2019;5;18;-7.1;-4.0
1010,950001;C.M.A. Eduardo Frei Montalva,Antártica;62° 11' 35'' S;45;2019;5;19;-5.7;-1.5
1011,950001;C.M.A. Eduardo Frei Montalva,Antártica;62° 11' 35'' S;45;2019;5;20;-10.5;-2.0
1012,950001;C.M.A. Eduardo Frei Montalva,Antártica;62° 11' 35'' S;45;2019;5;21;-10.3;-6.3
1013,950001;C.M.A. Eduardo Frei Montalva,Antártica;62° 11' 35'' S;45;2019;5;22;-13.4;-5.4
1014,950001;C.M.A. Eduardo Frei Montalva,Antártica;62° 11' 35'' S;45;2019;5;23;-14.1;-2.9
1015,950001;C.M.A. Eduardo Frei Montalva,Antártica;62° 11' 35'' S;45;2019;5;24;-4.2;-2.7
1016,950001;C.M.A. Eduardo Frei Montalva,Antártica;62° 11' 35'' S;45;2019;5;25;-13.0;-3.3
1017,950001;C.M.A. Eduardo Frei Montalva,Antártica;62° 11' 35'' S;45;2019;5;26;-14.5;-9.2
1018,950001;C.M.A. Eduardo Frei Montalva,Antártica;62° 11' 35'' S;45;2019;5;27;-10.4;-3.9
1019,950001;C.M.A. Eduardo Frei Montalva,Antártica;62° 11' 35'' S;45;2019;5;28;-7.0;-4.1
1020,950001;C.M.A. Eduardo Frei Montalva,Antártica;62° 11' 35'' S;45;2019;5;29;-10.6;-4.7
1021,950001;C.M.A. Eduardo Frei Montalva,Antártica;62° 11' 35'' S;45;2019;5;30;-10.4;-6.9
